year,month,yearmonth,velocity,total_sunspots
1749,7,1749.538,1,135.9
1749,8,1749.623,1,137.9
1749,9,1749.707,1,140.2
1749,10,1749.79,1,143.8
1749,11,1749.874,1,146.4
1749,12,1749.958,1,147.9
1750,1,1750.042,1,148.4
1750,2,1750.123,1,150.3
1750,3,1750.204,1,153.9
1750,4,1750.288,1,154.3
1750,5,1750.371,1,147
1750,6,1750.455,1,139.7
1750,7,1750.538,1,138.8
1750,8,1750.623,1,136.3
1750,9,1750.707,1,131
1750,10,1750.79,1,125.7
1750,11,1750.874,1,121.5
1750,12,1750.958,1,116
1751,1,1751.042,1,111.3
1751,2,1751.123,1,106.9
1751,3,1751.204,1,99.2
1751,4,1751.288,1,91.6
1751,5,1751.371,1,86.2
1751,6,1751.455,1,81.6
1751,7,1751.538,1,77
1751,8,1751.623,1,75
1751,9,1751.707,1,77.3
1751,10,1751.79,1,79.2
1751,11,1751.874,1,79.4
1751,12,1751.958,1,78.5
1752,1,1752.042,1,78.6
1752,2,1752.124,1,77.3
1752,3,1752.206,1,75.5
1752,4,1752.29,1,77.3
1752,5,1752.373,1,79.6
1752,6,1752.456,1,79.9
1752,7,1752.54,1,80.3
1752,8,1752.624,1,79.7
1752,9,1752.708,1,76.7
1752,10,1752.791,1,73.4
1752,11,1752.874,1,70.3
1752,12,1752.958,1,68.1
1753,1,1753.042,1,63.6
1753,2,1753.123,1,60.4
1753,3,1753.204,1,61.1
1753,4,1753.288,1,59.7
1753,5,1753.371,1,57
1753,6,1753.455,1,53.4
1753,7,1753.538,1,48.1
1753,8,1753.623,1,43
1753,9,1753.707,1,37.9
1753,10,1753.79,1,33.2
1753,11,1753.874,1,30.4
1753,12,1753.958,1,29
1754,1,1754.042,1,28.5
1754,2,1754.123,1,26.4
1754,3,1754.204,1,23.2
1754,4,1754.288,1,21.7
1754,5,1754.371,1,21.2
1754,6,1754.455,1,20.5
1754,7,1754.538,1,21.1
1754,8,1754.623,1,22.3
1754,9,1754.707,1,23.3
1754,10,1754.79,1,23.1
1754,11,1754.874,1,21.2
1754,12,1754.958,1,17.9
1755,1,1755.042,1,15.3
1755,2,1755.123,1,14
1755,3,1755.204,1,14
1755,4,1755.288,1,14.7
1755,5,1755.371,1,14.2
1755,6,1755.455,1,14.8
1755,7,1755.538,1,16.1
1755,8,1755.623,1,16
1755,9,1755.707,1,15.6
1755,10,1755.79,1,15.7
1755,11,1755.874,1,16.8
1755,12,1755.958,1,18.5
1756,1,1756.042,1,19.1
1756,2,1756.124,1,19
1756,3,1756.206,1,18.8
1756,4,1756.29,1,17.7
1756,5,1756.373,1,17.7
1756,6,1756.456,1,17.7
1756,7,1756.54,1,17.1
1756,8,1756.624,1,18.2
1756,9,1756.708,1,20.6
1756,10,1756.791,1,23.5
1756,11,1756.874,1,26.7
1756,12,1756.958,1,28.5
1757,1,1757.042,1,29.9
1757,2,1757.123,1,34.6
1757,3,1757.204,1,39.6
1757,4,1757.288,1,42.8
1757,5,1757.371,1,47.4
1757,6,1757.455,1,52.4
1757,7,1757.538,1,55.7
1757,8,1757.623,1,59.5
1757,9,1757.707,1,63.2
1757,10,1757.79,1,67.7
1757,11,1757.874,1,71.2
1757,12,1757.958,1,74
1758,1,1758.042,1,77.6
1758,2,1758.123,1,78
1758,3,1758.204,1,78.7
1758,4,1758.288,1,80.7
1758,5,1758.371,1,79.5
1758,6,1758.455,1,78.7
1758,7,1758.538,1,80.1
1758,8,1758.623,1,80.3
1758,9,1758.707,1,79.6
1758,10,1758.79,1,77.6
1758,11,1758.874,1,76.1
1758,12,1758.958,1,76.6
1759,1,1759.042,1,77.4
1759,2,1759.123,1,80.2
1759,3,1759.204,1,83.5
1759,4,1759.288,1,86
1759,5,1759.371,1,87.8
1759,6,1759.455,1,89
1759,7,1759.538,1,91.3
1759,8,1759.623,1,93.7
1759,9,1759.707,1,96.7
1759,10,1759.79,1,99.4
1759,11,1759.874,1,101.8
1759,12,1759.958,1,103.3
1760,1,1760.042,1,104.2
1760,2,1760.124,1,105.5
1760,3,1760.206,1,104.7
1760,4,1760.29,1,103
1760,5,1760.373,1,103.3
1760,6,1760.456,1,104.5
1760,7,1760.54,1,105
1760,8,1760.624,1,107.3
1760,9,1760.708,1,109.9
1760,10,1760.791,1,111.3
1760,11,1760.874,1,114.7
1760,12,1760.958,1,120.7
1761,1,1761.042,1,126.1
1761,2,1761.123,1,129.2
1761,3,1761.204,1,133
1761,4,1761.288,1,138.4
1761,5,1761.371,1,143.1
1761,6,1761.455,1,144.1
1761,7,1761.538,1,141.3
1761,8,1761.623,1,138.2
1761,9,1761.707,1,134.5
1761,10,1761.79,1,131.3
1761,11,1761.874,1,125.8
1761,12,1761.958,1,119.6
1762,1,1762.042,1,113.8
1762,2,1762.123,1,108
1762,3,1762.204,1,104.2
1762,4,1762.288,1,100.6
1762,5,1762.371,1,98.4
1762,6,1762.455,1,99.7
1762,7,1762.538,1,102.8
1762,8,1762.623,1,100.8
1762,9,1762.707,1,97.2
1762,10,1762.79,1,94.5
1762,11,1762.874,1,92.1
1762,12,1762.958,1,88.8
1763,1,1763.042,1,87.3
1763,2,1763.123,1,85.9
1763,3,1763.204,1,83
1763,4,1763.288,1,81.3
1763,5,1763.371,1,78.6
1763,6,1763.455,1,76.3
1763,7,1763.538,1,75.4
1763,8,1763.623,1,77.6
1763,9,1763.707,1,79.9
1763,10,1763.79,1,80.4
1763,11,1763.874,1,81.3
1763,12,1763.958,1,81.7
1764,1,1764.042,1,79.7
1764,2,1764.124,1,78.2
1764,3,1764.206,1,75.7
1764,4,1764.29,1,71.7
1764,5,1764.373,1,68
1764,6,1764.456,1,63.1
1764,7,1764.54,1,58.1
1764,8,1764.624,1,53.3
1764,9,1764.708,1,49.9
1764,10,1764.791,1,48
1764,11,1764.874,1,45.4
1764,12,1764.958,1,43.1
1765,1,1765.042,1,42.2
1765,2,1765.123,1,41.9
1765,3,1765.204,1,41.1
1765,4,1765.288,1,39.2
1765,5,1765.371,1,37.4
1765,6,1765.455,1,35.7
1765,7,1765.538,1,34
1765,8,1765.623,1,32.1
1765,9,1765.707,1,31.9
1765,10,1765.79,1,31.6
1765,11,1765.874,1,30.9
1765,12,1765.958,1,30.2
1766,1,1766.042,1,27.4
1766,2,1766.123,1,24
1766,3,1766.204,1,21.4
1766,4,1766.288,1,19.9
1766,5,1766.371,1,18.7
1766,6,1766.455,1,18.6
1766,7,1766.538,1,20.1
1766,8,1766.623,1,22.5
1766,9,1766.707,1,24.2
1766,10,1766.79,1,26.6
1766,11,1766.874,1,28.6
1766,12,1766.958,1,30.9
1767,1,1767.042,1,34.3
1767,2,1767.123,1,38.2
1767,3,1767.204,1,43.4
1767,4,1767.288,1,48.8
1767,5,1767.371,1,54.9
1767,6,1767.455,1,60.7
1767,7,1767.538,1,64.9
1767,8,1767.623,1,69.2
1767,9,1767.707,1,71.9
1767,10,1767.79,1,72.8
1767,11,1767.874,1,76.8
1767,12,1767.958,1,83.2
1768,1,1768.042,1,88.4
1768,2,1768.124,1,92.4
1768,3,1768.206,1,96.4
1768,4,1768.29,1,101
1768,5,1768.373,1,105.8
1768,6,1768.456,1,112.4
1768,7,1768.54,1,117.8
1768,8,1768.624,1,119.1
1768,9,1768.708,1,120.2
1768,10,1768.791,1,125.2
1768,11,1768.874,1,128.7
1768,12,1768.958,1,129.6
1769,1,1769.042,1,135.4
1769,2,1769.123,1,143.7
1769,3,1769.204,1,152.5
1769,4,1769.288,1,163.2
1769,5,1769.371,1,172.8
1769,6,1769.455,1,176.8
1769,7,1769.538,1,178.9
1769,8,1769.623,1,186.4
1769,9,1769.707,1,193
1769,10,1769.79,1,190.9
1769,11,1769.874,1,187.5
1769,12,1769.958,1,186.5
1770,1,1770.042,1,185.1
1770,2,1770.123,1,184.9
1770,3,1770.204,1,182.2
1770,4,1770.288,1,175.3
1770,5,1770.371,1,170.4
1770,6,1770.455,1,168.7
1770,7,1770.538,1,163.3
1770,8,1770.623,1,151.9
1770,9,1770.707,1,142.9
1770,10,1770.79,1,141.5
1770,11,1770.874,1,148.2
1770,12,1770.958,1,156.5
1771,1,1771.042,1,156.1
1771,2,1771.123,1,148.4
1771,3,1771.204,1,143.5
1771,4,1771.288,1,142.3
1771,5,1771.371,1,139.1
1771,6,1771.455,1,136.4
1771,7,1771.538,1,140.5
1771,8,1771.623,1,148.1
1771,9,1771.707,1,150.1
1771,10,1771.79,1,150.9
1771,11,1771.874,1,144.8
1771,12,1771.958,1,132.5
1772,1,1772.042,1,128.9
1772,2,1772.124,1,129.4
1772,3,1772.206,1,125.7
1772,4,1772.29,1,121.4
1772,5,1772.373,1,117.9
1772,6,1772.456,1,113
1772,7,1772.54,1,107.6
1772,8,1772.624,1,100.1
1772,9,1772.708,1,97.2
1772,10,1772.791,1,94.5
1772,11,1772.874,1,90.6
1772,12,1772.958,1,88.8
1773,1,1773.042,1,83.4
1773,2,1773.123,1,76.9
1773,3,1773.204,1,72.4
1773,4,1773.288,1,67.3
1773,5,1773.371,1,62.3
1773,6,1773.455,1,59.4
1773,7,1773.538,1,57.4
1773,8,1773.623,1,59.4
1773,9,1773.707,1,62.2
1773,10,1773.79,1,63.3
1773,11,1773.874,1,64.8
1773,12,1773.958,1,65.5
1774,1,1774.042,1,64.8
1774,2,1774.123,1,63.7
1774,3,1774.204,1,61.8
1774,4,1774.288,1,59.4
1774,5,1774.371,1,56.9
1774,6,1774.455,1,53.2
1774,7,1774.538,1,48.1
1774,8,1774.623,1,40.6
1774,9,1774.707,1,33
1774,10,1774.79,1,27.7
1774,11,1774.874,1,22.1
1774,12,1774.958,1,17.7
1775,1,1775.042,1,15.4
1775,2,1775.123,1,14.4
1775,3,1775.204,1,14.1
1775,4,1775.288,1,13.2
1775,5,1775.371,1,12.5
1775,6,1775.455,1,12
1775,7,1775.538,1,12.9
1775,8,1775.623,1,14.9
1775,9,1775.707,1,15.3
1775,10,1775.79,1,15.7
1775,11,1775.874,1,16.9
1775,12,1775.958,1,17.9
1776,1,1776.042,1,18.4
1776,2,1776.124,1,19.5
1776,3,1776.206,1,21.5
1776,4,1776.29,1,24.1
1776,5,1776.373,1,27.2
1776,6,1776.456,1,30.8
1776,7,1776.54,1,34.7
1776,8,1776.624,1,38
1776,9,1776.708,1,42
1776,10,1776.791,1,49.4
1776,11,1776.874,1,59.3
1776,12,1776.958,1,68.4
1777,1,1777.042,1,79.2
1777,2,1777.123,1,91.8
1777,3,1777.204,1,104.9
1777,4,1777.288,1,117.1
1777,5,1777.371,1,130.2
1777,6,1777.455,1,146
1777,7,1777.538,1,163.4
1777,8,1777.623,1,177.6
1777,9,1777.707,1,189.3
1777,10,1777.79,1,199.3
1777,11,1777.874,1,213.7
1777,12,1777.958,1,231.1
1778,1,1778.042,1,241.4
1778,2,1778.123,1,247.4
1778,3,1778.204,1,253.2
1778,4,1778.288,1,260.5
1778,5,1778.371,1,264.3
1778,6,1778.455,1,260.9
1778,7,1778.538,1,252.9
1778,8,1778.623,1,252.5
1778,9,1778.707,1,255.3
1778,10,1778.79,1,254.2
1778,11,1778.874,1,247.3
1778,12,1778.958,1,236.4
1779,1,1779.042,1,231.7
1779,2,1779.123,1,229.1
1779,3,1779.204,1,222.9
1779,4,1779.288,1,216.5
1779,5,1779.371,1,211.7
1779,6,1779.455,1,209.5
1779,7,1779.538,1,206.8
1779,8,1779.623,1,199
1779,9,1779.707,1,192.9
1779,10,1779.79,1,188
1779,11,1779.874,1,182.3
1779,12,1779.958,1,178.2
1780,1,1780.042,1,172.5
1780,2,1780.124,1,166.7
1780,3,1780.206,1,163.7
1780,4,1780.29,1,159.2
1780,5,1780.373,1,152.2
1780,6,1780.456,1,144.9
1780,7,1780.54,1,143.3
1780,8,1780.624,1,143.7
1780,9,1780.708,1,139
1780,10,1780.791,1,134
1780,11,1780.874,1,131.9
1780,12,1780.958,1,132.4
1781,1,1781.042,1,132.2
1781,2,1781.123,1,130
1781,3,1781.204,1,125.6
1781,4,1781.288,1,119.2
1781,5,1781.371,1,116.3
1781,6,1781.455,1,115.1
1781,7,1781.538,1,110.4
1781,8,1781.623,1,104.7
1781,9,1781.707,1,101
1781,10,1781.79,1,98
1781,11,1781.874,1,92.6
1781,12,1781.958,1,85
1782,1,1782.042,1,78.3
1782,2,1782.123,1,74.2
1782,3,1782.204,1,71.5
1782,4,1782.288,1,70
1782,5,1782.371,1,67.3
1782,6,1782.455,1,64.5
1782,7,1782.538,1,62.3
1782,8,1782.623,1,60.6
1782,9,1782.707,1,59.9
1782,10,1782.79,1,58.3
1782,11,1782.874,1,55.3
1782,12,1782.958,1,52.2
1783,1,1783.042,1,51
1783,2,1783.123,1,49
1783,3,1783.204,1,46.2
1783,4,1783.288,1,44.1
1783,5,1783.371,1,41.9
1783,6,1783.455,1,39.4
1783,7,1783.538,1,37
1783,8,1783.623,1,33.8
1783,9,1783.707,1,30.6
1783,10,1783.79,1,28.2
1783,11,1783.874,1,25.7
1783,12,1783.958,1,23.4
1784,1,1784.042,1,20.5
1784,2,1784.124,1,18
1784,3,1784.206,1,16.7
1784,4,1784.29,1,16.2
1784,5,1784.373,1,16.3
1784,6,1784.456,1,16.7
1784,7,1784.54,1,16.5
1784,8,1784.624,1,16
1784,9,1784.708,1,15.9
1784,10,1784.791,1,16.2
1784,11,1784.874,1,17.6
1784,12,1784.958,1,19.8
1785,1,1785.042,1,23.1
1785,2,1785.123,1,25.9
1785,3,1785.204,1,28.1
1785,4,1785.288,1,32.4
1785,5,1785.371,1,36.7
1785,6,1785.455,1,39.2
1785,7,1785.538,1,42.3
1785,8,1785.623,1,47.2
1785,9,1785.707,1,52.6
1785,10,1785.79,1,60.1
1785,11,1785.874,1,69.9
1785,12,1785.958,1,77.2
1786,1,1786.042,1,82.7
1786,2,1786.123,1,90.8
1786,3,1786.204,1,101.1
1786,4,1786.288,1,111.2
1786,5,1786.371,1,121
1786,6,1786.455,1,132.2
1786,7,1786.538,1,144.9
1786,8,1786.623,1,155.7
1786,9,1786.707,1,162.5
1786,10,1786.79,1,168.2
1786,11,1786.874,1,174
1786,12,1786.958,1,179.8
1787,1,1787.042,1,185.7
1787,2,1787.123,1,192.1
1787,3,1787.204,1,198.6
1787,4,1787.288,1,204.9
1787,5,1787.371,1,209.8
1787,6,1787.455,1,215.8
1787,7,1787.538,1,220.3
1787,8,1787.623,1,222.1
1787,9,1787.707,1,227.6
1787,10,1787.79,1,230.2
1787,11,1787.874,1,227.4
1787,12,1787.958,1,229.7
1788,1,1788.042,1,234.4
1788,2,1788.124,1,235.3
1788,3,1788.206,1,234.1
1788,4,1788.29,1,231.9
1788,5,1788.373,1,227.6
1788,6,1788.456,1,221.3
1788,7,1788.54,1,216.5
1788,8,1788.624,1,214.6
1788,9,1788.708,1,212.7
1788,10,1788.791,1,212.1
1788,11,1788.874,1,213.8
1788,12,1788.958,1,212.2
1789,1,1789.042,1,208.1
1789,2,1789.123,1,204.1
1789,3,1789.204,1,199.8
1789,4,1789.288,1,194.2
1789,5,1789.371,1,193.3
1789,6,1789.455,1,196.4
1789,7,1789.538,1,196.1
1789,8,1789.623,1,195.5
1789,9,1789.707,1,194
1789,10,1789.79,1,190.3
1789,11,1789.874,1,186.1
1789,12,1789.958,1,182
1790,1,1790.042,1,176.7
1790,2,1790.123,1,172.3
1790,3,1790.204,1,168.7
1790,4,1790.288,1,166
1790,5,1790.371,1,162
1790,6,1790.455,1,154.1
1790,7,1790.538,1,147.7
1790,8,1790.623,1,141.1
1790,9,1790.707,1,135
1790,10,1790.79,1,132.2
1790,11,1790.874,1,129.7
1790,12,1790.958,1,126.5
1791,1,1791.042,1,124.8
1791,2,1791.123,1,121.9
1791,3,1791.204,1,118.1
1791,4,1791.288,1,115.7
1791,5,1791.371,1,113.1
1791,6,1791.455,1,111.5
1791,7,1791.538,1,109.9
1791,8,1791.623,1,109.1
1791,9,1791.707,1,108.4
1791,10,1791.79,1,107.6
1791,11,1791.874,1,106.7
1791,12,1791.958,1,105.6
1792,1,1792.042,1,103.7
1792,2,1792.124,1,103.1
1792,3,1792.206,1,103.7
1792,4,1792.29,1,103
1792,5,1792.373,1,102.2
1792,6,1792.456,1,100.8
1792,7,1792.54,1,99.9
1792,8,1792.624,1,99.2
1792,9,1792.708,1,98
1792,10,1792.791,1,95.9
1792,11,1792.874,1,93.7
1792,12,1792.958,1,92.3
1793,1,1793.042,1,91.9
1793,2,1793.123,1,90.1
1793,3,1793.204,1,85.5
1793,4,1793.288,1,82.2
1793,5,1793.371,1,80.5
1793,6,1793.455,1,78.9
1793,7,1793.538,1,77.4
1793,8,1793.623,1,75.9
1793,9,1793.707,1,73.9
1793,10,1793.79,1,71
1793,11,1793.874,1,69.5
1793,12,1793.958,1,69.1
1794,1,1794.042,1,67.8
1794,2,1794.123,1,67.9
1794,3,1794.204,1,67.7
1794,4,1794.288,1,65.6
1794,5,1794.371,1,65.9
1794,6,1794.455,1,67.9
1794,7,1794.538,1,66.7
1794,8,1794.623,1,64.8
1794,9,1794.707,1,62.7
1794,10,1794.79,1,60.3
1794,11,1794.874,1,57.9
1794,12,1794.958,1,54.5
1795,1,1795.042,1,50.8
1795,2,1795.123,1,47.9
1795,3,1795.204,1,47.1
1795,4,1795.288,1,46.6
1795,5,1795.371,1,43
1795,6,1795.455,1,37.8
1795,7,1795.538,1,35.5
1795,8,1795.623,1,34.4
1795,9,1795.707,1,33.5
1795,10,1795.79,1,34.6
1795,11,1795.874,1,34.9
1795,12,1795.958,1,33.4
1796,1,1796.042,1,33.7
1796,2,1796.124,1,33
1796,3,1796.206,1,31.6
1796,4,1796.29,1,31.4
1796,5,1796.373,1,29.6
1796,6,1796.456,1,27.6
1796,7,1796.54,1,26.2
1796,8,1796.624,1,24.3
1796,9,1796.708,1,22.1
1796,10,1796.791,1,19.4
1796,11,1796.874,1,16.5
1796,12,1796.958,1,15.9
1797,1,1797.042,1,14.6
1797,2,1797.123,1,13.3
1797,3,1797.204,1,12.8
1797,4,1797.288,1,11.6
1797,5,1797.371,1,11.1
1797,6,1797.455,1,10.8
1797,7,1797.538,1,9.8
1797,8,1797.623,1,8.9
1797,9,1797.707,1,9.5
1797,10,1797.79,1,9.9
1797,11,1797.874,1,9.2
1797,12,1797.958,1,7.9
1798,1,1798.042,1,6.8
1798,2,1798.123,1,6.3
1798,3,1798.204,1,5.9
1798,4,1798.288,1,5.3
1798,5,1798.371,1,5.4
1798,6,1798.455,1,6.3
1798,7,1798.538,1,6.7
1798,8,1798.623,1,7.3
1798,9,1798.707,1,8.6
1798,10,1798.79,1,9.7
1798,11,1798.874,1,10.8
1798,12,1798.958,1,12.1
1799,1,1799.042,1,13
1799,2,1799.123,1,12.9
1799,3,1799.204,1,12.5
1799,4,1799.288,1,12.6
1799,5,1799.371,1,12.1
1799,6,1799.455,1,11.4
1799,7,1799.538,1,11.6
1799,8,1799.623,1,11.8
1799,9,1799.707,1,11
1799,10,1799.79,1,9.9
1799,11,1799.874,1,9.1
1799,12,1799.958,1,9.8
1800,1,1800.042,1,12
1800,2,1800.123,1,14.6
1800,3,1800.204,1,16.8
1800,4,1800.288,1,18.1
1800,5,1800.371,1,19.2
1800,6,1800.455,1,21.9
1800,7,1800.538,1,25.5
1800,8,1800.623,1,28.3
1800,9,1800.707,1,30.8
1800,10,1800.79,1,34
1800,11,1800.874,1,38.1
1800,12,1800.958,1,40.5
1801,1,1801.042,1,42
1801,2,1801.123,1,44.3
1801,3,1801.204,1,47.1
1801,4,1801.288,1,50.1
1801,5,1801.371,1,53.5
1801,6,1801.455,1,56.1
1801,7,1801.538,1,58.1
1801,8,1801.623,1,60.8
1801,9,1801.707,1,62.8
1801,10,1801.79,1,64.3
1801,11,1801.874,1,65.9
1801,12,1801.958,1,67.8
1802,1,1802.042,1,69.7
1802,2,1802.123,1,71.4
1802,3,1802.204,1,73.4
1802,4,1802.288,1,75.1
1802,5,1802.371,1,75.2
1802,6,1802.455,1,74.9
1802,7,1802.538,1,75.2
1802,8,1802.623,1,75.6
1802,9,1802.707,1,75.1
1802,10,1802.79,1,73.1
1802,11,1802.874,1,72
1802,12,1802.958,1,71.3
1803,1,1803.042,1,70.6
1803,2,1803.123,1,69.5
1803,3,1803.204,1,68
1803,4,1803.288,1,68.6
1803,5,1803.371,1,70.9
1803,6,1803.455,1,71.9
1803,7,1803.538,1,71.4
1803,8,1803.623,1,70.9
1803,9,1803.707,1,72
1803,10,1803.79,1,75.1
1803,11,1803.874,1,76.1
1803,12,1803.958,1,75.3
1804,1,1804.042,1,73.9
1804,2,1804.124,1,73.3
1804,3,1804.206,1,74.4
1804,4,1804.29,1,75.5
1804,5,1804.373,1,76.7
1804,6,1804.456,1,78.3
1804,7,1804.54,1,80.2
1804,8,1804.624,1,81
1804,9,1804.708,1,80.9
1804,10,1804.791,1,80.3
1804,11,1804.874,1,79.8
1804,12,1804.958,1,80.5
1805,1,1805.042,1,81.5
1805,2,1805.123,1,82
1805,3,1805.204,1,81.4
1805,4,1805.288,1,78.5
1805,5,1805.371,1,74.8
1805,6,1805.455,1,71.9
1805,7,1805.538,1,68.9
1805,8,1805.623,1,66.3
1805,9,1805.707,1,64
1805,10,1805.79,1,62.1
1805,11,1805.874,1,60.5
1805,12,1805.958,1,58.6
1806,1,1806.042,1,57
1806,2,1806.123,1,55.4
1806,3,1806.204,1,52.8
1806,4,1806.288,1,51.2
1806,5,1806.371,1,49.9
1806,6,1806.455,1,47.8
1806,7,1806.538,1,45
1806,8,1806.623,1,41.9
1806,9,1806.707,1,39.1
1806,10,1806.79,1,37.2
1806,11,1806.874,1,35.8
1806,12,1806.958,1,33.7
1807,1,1807.042,1,31.6
1807,2,1807.123,1,29.4
1807,3,1807.204,1,27.1
1807,4,1807.288,1,24.5
1807,5,1807.371,1,21.6
1807,6,1807.455,1,18.4
1807,7,1807.538,1,15.9
1807,8,1807.623,1,14.6
1807,9,1807.707,1,13.4
1807,10,1807.79,1,11.9
1807,11,1807.874,1,11.3
1807,12,1807.958,1,11.7
1808,1,1808.042,1,11.4
1808,2,1808.124,1,10.7
1808,3,1808.206,1,10.8
1808,4,1808.29,1,11
1808,5,1808.373,1,11.3
1808,6,1808.456,1,12.7
1808,7,1808.54,1,14.1
1808,8,1808.624,1,14.9
1808,9,1808.708,1,15.3
1808,10,1808.791,1,14.7
1808,11,1808.874,1,13.2
1808,12,1808.958,1,12
1809,1,1809.042,1,11.1
1809,2,1809.123,1,10.1
1809,3,1809.204,1,8.8
1809,4,1809.288,1,7.7
1809,5,1809.371,1,6.7
1809,6,1809.455,1,5.1
1809,7,1809.538,1,3.7
1809,8,1809.623,1,2.6
1809,9,1809.707,1,1.9
1809,10,1809.79,1,1.6
1809,11,1809.874,1,1.3
1809,12,1809.958,1,0.7
1810,1,1810.042,1,0.1
1810,2,1810.123,1,0.1
1810,3,1810.204,1,0
1810,4,1810.288,1,0
1810,5,1810.371,1,0
1810,6,1810.455,1,0
1810,7,1810.538,1,0
1810,8,1810.623,1,0
1810,9,1810.707,1,0
1810,10,1810.79,1,0
1810,11,1810.874,1,0
1810,12,1810.958,1,0
1811,1,1811.042,1,0.5
1811,2,1811.123,1,0.9
1811,3,1811.204,1,1.1
1811,4,1811.288,1,1.7
1811,5,1811.371,1,2.2
1811,6,1811.455,1,2.3
1811,7,1811.538,1,3.1
1811,8,1811.623,1,4.1
1811,9,1811.707,1,4.2
1811,10,1811.79,1,4.3
1811,11,1811.874,1,4.4
1811,12,1811.958,1,4.5
1812,1,1812.042,1,4.2
1812,2,1812.124,1,4.9
1812,3,1812.206,1,6.1
1812,4,1812.29,1,6.2
1812,5,1812.373,1,6.5
1812,6,1812.456,1,7.6
1812,7,1812.54,1,7.5
1812,8,1812.624,1,7.3
1812,9,1812.708,1,7.9
1812,10,1812.791,1,9.2
1812,11,1812.874,1,10.6
1812,12,1812.958,1,11.6
1813,1,1813.042,1,13.6
1813,2,1813.123,1,14.3
1813,3,1813.204,1,14.5
1813,4,1813.288,1,16.9
1813,5,1813.371,1,19.1
1813,6,1813.455,1,20
1813,7,1813.538,1,21.9
1813,8,1813.623,1,23.5
1813,9,1813.707,1,23.9
1813,10,1813.79,1,24.7
1813,11,1813.874,1,25.2
1813,12,1813.958,1,25.5
1814,1,1814.042,1,25.7
1814,2,1814.123,1,25.3
1814,3,1814.204,1,24.4
1814,4,1814.288,1,23.3
1814,5,1814.371,1,22.6
1814,6,1814.455,1,22.8
1814,7,1814.538,1,23
1814,8,1814.623,1,24.2
1814,9,1814.707,1,27
1814,10,1814.79,1,29
1814,11,1814.874,1,29.8
1814,12,1814.958,1,33
1815,1,1815.042,1,37
1815,2,1815.123,1,41.3
1815,3,1815.204,1,46
1815,4,1815.288,1,48.6
1815,5,1815.371,1,51.2
1815,6,1815.455,1,55.9
1815,7,1815.538,1,59.5
1815,8,1815.623,1,62.5
1815,9,1815.707,1,68.4
1815,10,1815.79,1,73.6
1815,11,1815.874,1,77.8
1815,12,1815.958,1,79.4
1816,1,1816.042,1,78.8
1816,2,1816.124,1,77.3
1816,3,1816.206,1,76.8
1816,4,1816.29,1,79.5
1816,5,1816.373,1,81.2
1816,6,1816.456,1,78.8
1816,7,1816.54,1,77.1
1816,8,1816.624,1,77
1816,9,1816.708,1,77.8
1816,10,1816.791,1,77.1
1816,11,1816.874,1,73.3
1816,12,1816.958,1,71.4
1817,1,1817.042,1,71.9
1817,2,1817.123,1,74.2
1817,3,1817.204,1,75
1817,4,1817.288,1,72.1
1817,5,1817.371,1,69.3
1817,6,1817.455,1,68.5
1817,7,1817.538,1,68.3
1817,8,1817.623,1,65.8
1817,9,1817.707,1,58.4
1817,10,1817.79,1,54
1817,11,1817.874,1,56.8
1817,12,1817.958,1,58.8
1818,1,1818.042,1,57
1818,2,1818.123,1,54.6
1818,3,1818.204,1,52.9
1818,4,1818.288,1,52.6
1818,5,1818.371,1,51.7
1818,6,1818.455,1,50.3
1818,7,1818.538,1,50
1818,8,1818.623,1,49.7
1818,9,1818.707,1,48.1
1818,10,1818.79,1,45.6
1818,11,1818.874,1,42.3
1818,12,1818.958,1,39.9
1819,1,1819.042,1,40
1819,2,1819.123,1,39.9
1819,3,1819.204,1,38.7
1819,4,1819.288,1,37.6
1819,5,1819.371,1,38.3
1819,6,1819.455,1,39.6
1819,7,1819.538,1,39
1819,8,1819.623,1,38.5
1819,9,1819.707,1,38.9
1819,10,1819.79,1,38.9
1819,11,1819.874,1,39.6
1819,12,1819.958,1,38.6
1820,1,1820.042,1,36.1
1820,2,1820.124,1,35.3
1820,3,1820.206,1,34.6
1820,4,1820.29,1,32.7
1820,5,1820.373,1,30.2
1820,6,1820.456,1,27.5
1820,7,1820.54,1,26.2
1820,8,1820.624,1,24.8
1820,9,1820.708,1,23.3
1820,10,1820.791,1,22.7
1820,11,1820.874,1,20
1820,12,1820.958,1,17.5
1821,1,1821.042,1,15.6
1821,2,1821.123,1,12.9
1821,3,1821.204,1,11.4
1821,4,1821.288,1,12
1821,5,1821.371,1,12.5
1821,6,1821.455,1,11.6
1821,7,1821.538,1,9.5
1821,8,1821.623,1,7.8
1821,9,1821.707,1,8.3
1821,10,1821.79,1,9.3
1821,11,1821.874,1,9.5
1821,12,1821.958,1,9.8
1822,1,1822.042,1,10.4
1822,2,1822.123,1,10.6
1822,3,1822.204,1,10.1
1822,4,1822.288,1,8.5
1822,5,1822.371,1,6.9
1822,6,1822.455,1,6.6
1822,7,1822.538,1,6.6
1822,8,1822.623,1,6.5
1822,9,1822.707,1,5.4
1822,10,1822.79,1,3.4
1822,11,1822.874,1,2.4
1822,12,1822.958,1,1.9
1823,1,1823.042,1,1
1823,2,1823.123,1,0.3
1823,3,1823.204,1,0.2
1823,4,1823.288,1,0.2
1823,5,1823.371,1,0.2
1823,6,1823.455,1,1.6
1823,7,1823.538,1,4.5
1823,8,1823.623,1,6.7
1823,9,1823.707,1,7.4
1823,10,1823.79,1,8.7
1823,11,1823.874,1,10.3
1823,12,1823.958,1,10.5
1824,1,1824.042,1,10.4
1824,2,1824.124,1,10.5
1824,3,1824.206,1,12
1824,4,1824.29,1,15.2
1824,5,1824.373,1,17
1824,6,1824.456,1,15.6
1824,7,1824.54,1,13.1
1824,8,1824.624,1,12.3
1824,9,1824.708,1,14.2
1824,10,1824.791,1,14.6
1824,11,1824.874,1,14.4
1824,12,1824.958,1,16.4
1825,1,1825.042,1,19.6
1825,2,1825.123,1,23.4
1825,3,1825.204,1,24.8
1825,4,1825.288,1,23.8
1825,5,1825.371,1,23.9
1825,6,1825.455,1,26.2
1825,7,1825.538,1,28.6
1825,8,1825.623,1,29.6
1825,9,1825.707,1,30.8
1825,10,1825.79,1,33.2
1825,11,1825.874,1,35.8
1825,12,1825.958,1,38.4
1826,1,1826.042,1,41.4
1826,2,1826.123,1,43.9
1826,3,1826.204,1,45.1
1826,4,1826.288,1,47.8
1826,5,1826.371,1,52.1
1826,6,1826.455,1,57.2
1826,7,1826.538,1,61.6
1826,8,1826.623,1,64.8
1826,9,1826.707,1,68.3
1826,10,1826.79,1,71.3
1826,11,1826.874,1,74.5
1826,12,1826.958,1,77.5
1827,1,1827.042,1,78.2
1827,2,1827.123,1,78.5
1827,3,1827.204,1,81.6
1827,4,1827.288,1,84.1
1827,5,1827.371,1,85
1827,6,1827.455,1,84.1
1827,7,1827.538,1,83.8
1827,8,1827.623,1,86.3
1827,9,1827.707,1,88
1827,10,1827.79,1,89.5
1827,11,1827.874,1,92.9
1827,12,1827.958,1,98
1828,1,1828.042,1,101.7
1828,2,1828.124,1,104.1
1828,3,1828.206,1,105.8
1828,4,1828.29,1,105.7
1828,5,1828.373,1,106.2
1828,6,1828.456,1,106.9
1828,7,1828.54,1,106.3
1828,8,1828.624,1,104.6
1828,9,1828.708,1,104
1828,10,1828.791,1,106.9
1828,11,1828.874,1,107.7
1828,12,1828.958,1,104.5
1829,1,1829.042,1,105.4
1829,2,1829.123,1,108
1829,3,1829.204,1,108.3
1829,4,1829.288,1,108.6
1829,5,1829.371,1,109.5
1829,6,1829.455,1,110.9
1829,7,1829.538,1,112.3
1829,8,1829.623,1,114.5
1829,9,1829.707,1,116.9
1829,10,1829.79,1,118.5
1829,11,1829.874,1,119.2
1829,12,1829.958,1,118.6
1830,1,1830.042,1,114.7
1830,2,1830.123,1,109.5
1830,3,1830.204,1,108.3
1830,4,1830.288,1,110.9
1830,5,1830.371,1,113.7
1830,6,1830.455,1,116.4
1830,7,1830.538,1,117.9
1830,8,1830.623,1,116
1830,9,1830.707,1,115.1
1830,10,1830.79,1,112.1
1830,11,1830.874,1,106.6
1830,12,1830.958,1,102.4
1831,1,1831.042,1,100.3
1831,2,1831.123,1,100.7
1831,3,1831.204,1,99.3
1831,4,1831.288,1,95
1831,5,1831.371,1,89.7
1831,6,1831.455,1,83.4
1831,7,1831.538,1,78.6
1831,8,1831.623,1,77.8
1831,9,1831.707,1,75.5
1831,10,1831.79,1,70.9
1831,11,1831.874,1,69.2
1831,12,1831.958,1,69
1832,1,1832.042,1,66.4
1832,2,1832.124,1,61
1832,3,1832.206,1,55.7
1832,4,1832.29,1,51.9
1832,5,1832.373,1,48.1
1832,6,1832.456,1,46
1832,7,1832.54,1,44.5
1832,8,1832.624,1,40.3
1832,9,1832.708,1,34.5
1832,10,1832.791,1,29.8
1832,11,1832.874,1,26.2
1832,12,1832.958,1,22.4
1833,1,1833.042,1,20.1
1833,2,1833.123,1,19.4
1833,3,1833.204,1,19.5
1833,4,1833.288,1,18.7
1833,5,1833.371,1,17.2
1833,6,1833.455,1,15.4
1833,7,1833.538,1,13.8
1833,8,1833.623,1,13.5
1833,9,1833.707,1,13.2
1833,10,1833.79,1,12.6
1833,11,1833.874,1,12.2
1833,12,1833.958,1,12.4
1834,1,1834.042,1,13
1834,2,1834.123,1,13
1834,3,1834.204,1,12.9
1834,4,1834.288,1,14.1
1834,5,1834.371,1,17
1834,6,1834.455,1,20.4
1834,7,1834.538,1,22.3
1834,8,1834.623,1,22.9
1834,9,1834.707,1,24.4
1834,10,1834.79,1,29.7
1834,11,1834.874,1,36.2
1834,12,1834.958,1,40.4
1835,1,1835.042,1,45.7
1835,2,1835.123,1,53.1
1835,3,1835.204,1,63.1
1835,4,1835.288,1,74.2
1835,5,1835.371,1,83.9
1835,6,1835.455,1,91.7
1835,7,1835.538,1,100.4
1835,8,1835.623,1,111.8
1835,9,1835.707,1,123
1835,10,1835.79,1,134.1
1835,11,1835.874,1,144.5
1835,12,1835.958,1,155.6
1836,1,1836.042,1,165.9
1836,2,1836.124,1,173.2
1836,3,1836.206,1,176.2
1836,4,1836.29,1,178.7
1836,5,1836.373,1,183.1
1836,6,1836.456,1,193.5
1836,7,1836.54,1,209.3
1836,8,1836.624,1,221
1836,9,1836.708,1,228.2
1836,10,1836.791,1,230.4
1836,11,1836.874,1,230.1
1836,12,1836.958,1,232.4
1837,1,1837.042,1,237.9
1837,2,1837.123,1,243
1837,3,1837.204,1,244.9
1837,4,1837.288,1,244
1837,5,1837.371,1,242.1
1837,6,1837.455,1,235.8
1837,7,1837.538,1,227.5
1837,8,1837.623,1,218.2
1837,9,1837.707,1,212.3
1837,10,1837.79,1,211.9
1837,11,1837.874,1,212.9
1837,12,1837.958,1,210.3
1838,1,1838.042,1,202.1
1838,2,1838.123,1,194.5
1838,3,1838.204,1,189.1
1838,4,1838.288,1,185.3
1838,5,1838.371,1,180.9
1838,6,1838.455,1,175.4
1838,7,1838.538,1,169.2
1838,8,1838.623,1,167.7
1838,9,1838.707,1,164.6
1838,10,1838.79,1,155.7
1838,11,1838.874,1,145.4
1838,12,1838.958,1,136.8
1839,1,1839.042,1,132.4
1839,2,1839.123,1,134.4
1839,3,1839.204,1,142.1
1839,4,1839.288,1,146.2
1839,5,1839.371,1,145.6
1839,6,1839.455,1,143.9
1839,7,1839.538,1,141.1
1839,8,1839.623,1,138.4
1839,9,1839.707,1,136.7
1839,10,1839.79,1,136.3
1839,11,1839.874,1,137.6
1839,12,1839.958,1,138.3
1840,1,1840.042,1,136.2
1840,2,1840.124,1,129.4
1840,3,1840.206,1,120.2
1840,4,1840.29,1,113.6
1840,5,1840.373,1,110.1
1840,6,1840.456,1,108.4
1840,7,1840.54,1,103.8
1840,8,1840.624,1,95.8
1840,9,1840.708,1,89.1
1840,10,1840.791,1,84.7
1840,11,1840.874,1,82.8
1840,12,1840.958,1,83.2
1841,1,1841.042,1,81.6
1841,2,1841.123,1,78.2
1841,3,1841.204,1,74.4
1841,4,1841.288,1,69.9
1841,5,1841.371,1,65.7
1841,6,1841.455,1,62.2
1841,7,1841.538,1,61
1841,8,1841.623,1,60.2
1841,9,1841.707,1,59
1841,10,1841.79,1,57.6
1841,11,1841.874,1,53.7
1841,12,1841.958,1,48.3
1842,1,1842.042,1,44.6
1842,2,1842.123,1,42.4
1842,3,1842.204,1,40.3
1842,4,1842.288,1,39.7
1842,5,1842.371,1,41.8
1842,6,1842.455,1,41.8
1842,7,1842.538,1,39.8
1842,8,1842.623,1,38
1842,9,1842.707,1,35.8
1842,10,1842.79,1,33.7
1842,11,1842.874,1,32.2
1842,12,1842.958,1,31.3
1843,1,1843.042,1,30.4
1843,2,1843.123,1,29.1
1843,3,1843.204,1,27.1
1843,4,1843.288,1,23.8
1843,5,1843.371,1,20.1
1843,6,1843.455,1,18.2
1843,7,1843.538,1,17.6
1843,8,1843.623,1,18.1
1843,9,1843.707,1,19.3
1843,10,1843.79,1,20.4
1843,11,1843.874,1,20.5
1843,12,1843.958,1,19.4
1844,1,1844.042,1,19.7
1844,2,1844.124,1,21.4
1844,3,1844.206,1,22.4
1844,4,1844.29,1,23.7
1844,5,1844.373,1,24.3
1844,6,1844.456,1,24.3
1844,7,1844.54,1,26
1844,8,1844.624,1,29.2
1844,9,1844.708,1,33.3
1844,10,1844.791,1,37.9
1844,11,1844.874,1,42.9
1844,12,1844.958,1,47.3
1845,1,1845.042,1,49.9
1845,2,1845.123,1,51.1
1845,3,1845.204,1,53.3
1845,4,1845.288,1,56.2
1845,5,1845.371,1,59.5
1845,6,1845.455,1,64.1
1845,7,1845.538,1,67.7
1845,8,1845.623,1,69.1
1845,9,1845.707,1,71
1845,10,1845.79,1,73.3
1845,11,1845.874,1,75
1845,12,1845.958,1,78.2
1846,1,1846.042,1,81.7
1846,2,1846.123,1,84.4
1846,3,1846.204,1,91.3
1846,4,1846.288,1,97.8
1846,5,1846.371,1,100.3
1846,6,1846.455,1,102.1
1846,7,1846.538,1,104.2
1846,8,1846.623,1,105.4
1846,9,1846.707,1,106.5
1846,10,1846.79,1,106.3
1846,11,1846.874,1,105.7
1846,12,1846.958,1,108.2
1847,1,1847.042,1,110
1847,2,1847.123,1,116.4
1847,3,1847.204,1,126.1
1847,4,1847.288,1,138.4
1847,5,1847.371,1,152.5
1847,6,1847.455,1,161
1847,7,1847.538,1,170.8
1847,8,1847.623,1,182.1
1847,9,1847.707,1,188.4
1847,10,1847.79,1,194.3
1847,11,1847.874,1,200.5
1847,12,1847.958,1,205.4
1848,1,1848.042,1,214.5
1848,2,1848.124,1,219.9
1848,3,1848.206,1,215.2
1848,4,1848.29,1,207.6
1848,5,1848.373,1,202.6
1848,6,1848.456,1,204.4
1848,7,1848.54,1,209.2
1848,8,1848.624,1,213.3
1848,9,1848.708,1,216
1848,10,1848.791,1,216.7
1848,11,1848.874,1,216.7
1848,12,1848.958,1,213.4
1849,1,1849.042,1,207.4
1849,2,1849.123,1,200.1
1849,3,1849.204,1,196.7
1849,4,1849.288,1,193.6
1849,5,1849.371,1,189.9
1849,6,1849.455,1,186.4
1849,7,1849.538,1,176.8
1849,8,1849.623,1,167.2
1849,9,1849.707,1,162.7
1849,10,1849.79,1,157
1849,11,1849.874,1,150.9
1849,12,1849.958,1,148.5
1850,1,1850.042,1,144.6
1850,2,1850.123,1,141
1850,3,1850.204,1,139.9
1850,4,1850.288,1,139.3
1850,5,1850.371,1,135.7
1850,6,1850.455,1,129.4
1850,7,1850.538,1,126.3
1850,8,1850.623,1,127.4
1850,9,1850.707,1,127.3
1850,10,1850.79,1,126.8
1850,11,1850.874,1,127.9
1850,12,1850.958,1,127.4
1851,1,1851.042,1,126.6
1851,2,1851.123,1,126.1
1851,3,1851.204,1,124.3
1851,4,1851.288,1,122.2
1851,5,1851.371,1,121.2
1851,6,1851.455,1,121.7
1851,7,1851.538,1,121.9
1851,8,1851.623,1,118.3
1851,9,1851.707,1,114.9
1851,10,1851.79,1,115.4
1851,11,1851.874,1,115.5
1851,12,1851.958,1,113.6
1852,1,1852.042,1,112.8
1852,2,1852.124,1,111.8
1852,3,1852.206,1,108
1852,4,1852.29,1,106
1852,5,1852.373,1,106.6
1852,6,1852.456,1,104.8
1852,7,1852.54,1,100.6
1852,8,1852.624,1,96.6
1852,9,1852.708,1,92.9
1852,10,1852.791,1,89.6
1852,11,1852.874,1,86.6
1852,12,1852.958,1,84.5
1853,1,1853.042,1,84.2
1853,2,1853.123,1,85.4
1853,3,1853.204,1,85.9
1853,4,1853.288,1,83.6
1853,5,1853.371,1,79.6
1853,6,1853.455,1,75.9
1853,7,1853.538,1,72.1
1853,8,1853.623,1,68.3
1853,9,1853.707,1,65.1
1853,10,1853.79,1,62.1
1853,11,1853.874,1,59.6
1853,12,1853.958,1,57.3
1854,1,1854.042,1,53.6
1854,2,1854.123,1,48.7
1854,3,1854.204,1,45.1
1854,4,1854.288,1,41.9
1854,5,1854.371,1,39.5
1854,6,1854.455,1,39.3
1854,7,1854.538,1,38.9
1854,8,1854.623,1,38
1854,9,1854.707,1,37
1854,10,1854.79,1,35
1854,11,1854.874,1,32.1
1854,12,1854.958,1,29.6
1855,1,1855.042,1,26.9
1855,2,1855.123,1,24.5
1855,3,1855.204,1,21.7
1855,4,1855.288,1,19.7
1855,5,1855.371,1,17.5
1855,6,1855.455,1,14.2
1855,7,1855.538,1,11.8
1855,8,1855.623,1,10.3
1855,9,1855.707,1,8.5
1855,10,1855.79,1,7.3
1855,11,1855.874,1,6.7
1855,12,1855.958,1,6
1856,1,1856.042,1,6.3
1856,2,1856.124,1,6.9
1856,3,1856.206,1,7.5
1856,4,1856.29,1,7.4
1856,5,1856.373,1,7.3
1856,6,1856.456,1,7.9
1856,7,1856.54,1,9.3
1856,8,1856.624,1,10.5
1856,9,1856.708,1,11.1
1856,10,1856.791,1,11.8
1856,11,1856.874,1,14.5
1856,12,1856.958,1,17.6
1857,1,1857.042,1,19.8
1857,2,1857.123,1,22.1
1857,3,1857.204,1,26
1857,4,1857.288,1,31.8
1857,5,1857.371,1,36.6
1857,6,1857.455,1,40.8
1857,7,1857.538,1,45.2
1857,8,1857.623,1,49.4
1857,9,1857.707,1,55.7
1857,10,1857.79,1,62
1857,11,1857.874,1,65.1
1857,12,1857.958,1,68.4
1858,1,1858.042,1,73.4
1858,2,1858.123,1,79.1
1858,3,1858.204,1,85.2
1858,4,1858.288,1,92.2
1858,5,1858.371,1,97.8
1858,6,1858.455,1,101.8
1858,7,1858.538,1,107.6
1858,8,1858.623,1,115.3
1858,9,1858.707,1,122.1
1858,10,1858.79,1,128.5
1858,11,1858.874,1,136.1
1858,12,1858.958,1,143.4
1859,1,1859.042,1,149.8
1859,2,1859.123,1,157
1859,3,1859.204,1,163.1
1859,4,1859.288,1,167
1859,5,1859.371,1,172.4
1859,6,1859.455,1,177.1
1859,7,1859.538,1,178.1
1859,8,1859.623,1,178.1
1859,9,1859.707,1,178.8
1859,10,1859.79,1,178.4
1859,11,1859.874,1,178.5
1859,12,1859.958,1,181.5
1860,1,1860.042,1,185
1860,2,1860.124,1,186.2
1860,3,1860.206,1,184.6
1860,4,1860.29,1,181.5
1860,5,1860.373,1,179.7
1860,6,1860.456,1,180.9
1860,7,1860.54,1,180.4
1860,8,1860.624,1,178
1860,9,1860.708,1,177.3
1860,10,1860.791,1,179.6
1860,11,1860.874,1,177.8
1860,12,1860.958,1,172.2
1861,1,1861.042,1,167.5
1861,2,1861.123,1,163
1861,3,1861.204,1,160.6
1861,4,1861.288,1,157.9
1861,5,1861.371,1,152.6
1861,6,1861.455,1,147.8
1861,7,1861.538,1,146.7
1861,8,1861.623,1,145.7
1861,9,1861.707,1,140.1
1861,10,1861.79,1,132
1861,11,1861.874,1,129.1
1861,12,1861.958,1,129.4
1862,1,1862.042,1,128.7
1862,2,1862.123,1,126.7
1862,3,1862.204,1,124.1
1862,4,1862.288,1,121
1862,5,1862.371,1,118.8
1862,6,1862.455,1,115.4
1862,7,1862.538,1,111.1
1862,8,1862.623,1,109.3
1862,9,1862.707,1,110.5
1862,10,1862.79,1,111.3
1862,11,1862.874,1,109.4
1862,12,1862.958,1,105.1
1863,1,1863.042,1,98.5
1863,2,1863.123,1,94.1
1863,3,1863.204,1,89.4
1863,4,1863.288,1,85.7
1863,5,1863.371,1,84.5
1863,6,1863.455,1,83.5
1863,7,1863.538,1,84.3
1863,8,1863.623,1,84.3
1863,9,1863.707,1,83.5
1863,10,1863.79,1,83.1
1863,11,1863.874,1,81.7
1863,12,1863.958,1,82
1864,1,1864.042,1,85.1
1864,2,1864.124,1,87.4
1864,3,1864.206,1,88.5
1864,4,1864.29,1,88.5
1864,5,1864.373,1,89.6
1864,6,1864.456,1,90.2
1864,7,1864.54,1,88.5
1864,8,1864.624,1,87.1
1864,9,1864.708,1,84.4
1864,10,1864.791,1,81.8
1864,11,1864.874,1,80.8
1864,12,1864.958,1,78.4
1865,1,1865.042,1,74.3
1865,2,1865.123,1,70.7
1865,3,1865.204,1,68.8
1865,4,1865.288,1,66.9
1865,5,1865.371,1,63
1865,6,1865.455,1,59.1
1865,7,1865.538,1,56.5
1865,8,1865.623,1,55.1
1865,9,1865.707,1,53.8
1865,10,1865.79,1,51.7
1865,11,1865.874,1,49.1
1865,12,1865.958,1,46
1866,1,1866.042,1,43.3
1866,2,1866.123,1,39.9
1866,3,1866.204,1,36.8
1866,4,1866.288,1,35.4
1866,5,1866.371,1,34
1866,6,1866.455,1,31.9
1866,7,1866.538,1,28.5
1866,8,1866.623,1,23
1866,9,1866.707,1,18.8
1866,10,1866.79,1,16.6
1866,11,1866.874,1,14.8
1866,12,1866.958,1,12.8
1867,1,1867.042,1,11.3
1867,2,1867.123,1,10.3
1867,3,1867.204,1,9.9
1867,4,1867.288,1,10
1867,5,1867.371,1,10
1867,6,1867.455,1,11.9
1867,7,1867.538,1,14.9
1867,8,1867.623,1,17
1867,9,1867.707,1,19.1
1867,10,1867.79,1,22.4
1867,11,1867.874,1,26.2
1867,12,1867.958,1,29.8
1868,1,1868.042,1,33.5
1868,2,1868.124,1,37.1
1868,3,1868.206,1,41.6
1868,4,1868.29,1,47.3
1868,5,1868.373,1,53.9
1868,6,1868.456,1,60
1868,7,1868.54,1,65.8
1868,8,1868.624,1,72.1
1868,9,1868.708,1,77
1868,10,1868.791,1,79.1
1868,11,1868.874,1,84.8
1868,12,1868.958,1,95.5
1869,1,1869.042,1,103
1869,2,1869.123,1,108.2
1869,3,1869.204,1,113.7
1869,4,1869.288,1,115.9
1869,5,1869.371,1,117
1869,6,1869.455,1,120.9
1869,7,1869.538,1,124.6
1869,8,1869.623,1,129.5
1869,9,1869.707,1,140.7
1869,10,1869.79,1,156.2
1869,11,1869.874,1,169.5
1869,12,1869.958,1,176.4
1870,1,1870.042,1,183.4
1870,2,1870.123,1,193.6
1870,3,1870.204,1,202.6
1870,4,1870.288,1,212.5
1870,5,1870.371,1,223.4
1870,6,1870.455,1,230
1870,7,1870.538,1,232.5
1870,8,1870.623,1,234
1870,9,1870.707,1,233.7
1870,10,1870.79,1,232.9
1870,11,1870.874,1,231
1870,12,1870.958,1,225.8
1871,1,1871.042,1,220.7
1871,2,1871.123,1,215.6
1871,3,1871.204,1,208.7
1871,4,1871.288,1,200.8
1871,5,1871.371,1,193.9
1871,6,1871.455,1,188.2
1871,7,1871.538,1,184.9
1871,8,1871.623,1,183.9
1871,9,1871.707,1,179.7
1871,10,1871.79,1,171.8
1871,11,1871.874,1,164.9
1871,12,1871.958,1,163.6
1872,1,1872.042,1,165
1872,2,1872.124,1,164
1872,3,1872.206,1,165.2
1872,4,1872.29,1,168.5
1872,5,1872.373,1,169.9
1872,6,1872.456,1,169.9
1872,7,1872.54,1,170
1872,8,1872.624,1,169.6
1872,9,1872.708,1,169.3
1872,10,1872.791,1,168.2
1872,11,1872.874,1,162.3
1872,12,1872.958,1,153.6
1873,1,1873.042,1,146.4
1873,2,1873.123,1,142
1873,3,1873.204,1,135.6
1873,4,1873.288,1,127.1
1873,5,1873.371,1,119.3
1873,6,1873.455,1,112.9
1873,7,1873.538,1,108.7
1873,8,1873.623,1,103.9
1873,9,1873.707,1,97.4
1873,10,1873.79,1,90.7
1873,11,1873.874,1,87.4
1873,12,1873.958,1,86.7
1874,1,1874.042,1,86.3
1874,2,1874.123,1,85.9
1874,3,1874.204,1,84.1
1874,4,1874.288,1,81.9
1874,5,1874.371,1,79.2
1874,6,1874.455,1,75.9
1874,7,1874.538,1,71.3
1874,8,1874.623,1,65.2
1874,9,1874.707,1,61.3
1874,10,1874.79,1,60.2
1874,11,1874.874,1,57.7
1874,12,1874.958,1,54.4
1875,1,1875.042,1,49.6
1875,2,1875.123,1,42.5
1875,3,1875.204,1,37.5
1875,4,1875.288,1,34.2
1875,5,1875.371,1,31.9
1875,6,1875.455,1,29.8
1875,7,1875.538,1,28.4
1875,8,1875.623,1,27.9
1875,9,1875.707,1,27.3
1875,10,1875.79,1,25.2
1875,11,1875.874,1,22.9
1875,12,1875.958,1,20.9
1876,1,1876.042,1,19.5
1876,2,1876.124,1,19.3
1876,3,1876.206,1,19.4
1876,4,1876.29,1,20.1
1876,5,1876.373,1,19.6
1876,6,1876.456,1,19
1876,7,1876.54,1,19.5
1876,8,1876.624,1,19.8
1876,9,1876.708,1,18.1
1876,10,1876.791,1,17.7
1876,11,1876.874,1,19.8
1876,12,1876.958,1,21.8
1877,1,1877.042,1,22
1877,2,1877.123,1,21.2
1877,3,1877.204,1,21.5
1877,4,1877.288,1,21.4
1877,5,1877.371,1,21.2
1877,6,1877.455,1,21.1
1877,7,1877.538,1,19.2
1877,8,1877.623,1,17.6
1877,9,1877.707,1,17.2
1877,10,1877.79,1,15.8
1877,11,1877.874,1,13.6
1877,12,1877.958,1,12
1878,1,1878.042,1,11
1878,2,1878.123,1,10.2
1878,3,1878.204,1,8.9
1878,4,1878.288,1,7.8
1878,5,1878.371,1,6.7
1878,6,1878.455,1,5.9
1878,7,1878.538,1,5.6
1878,8,1878.623,1,5
1878,9,1878.707,1,4
1878,10,1878.79,1,3.9
1878,11,1878.874,1,4.1
1878,12,1878.958,1,3.7
1879,1,1879.042,1,4.1
1879,2,1879.123,1,5.4
1879,3,1879.204,1,6.2
1879,4,1879.288,1,7
1879,5,1879.371,1,8.4
1879,6,1879.455,1,9.5
1879,7,1879.538,1,11.6
1879,8,1879.623,1,15.1
1879,9,1879.707,1,18.3
1879,10,1879.79,1,20.5
1879,11,1879.874,1,22.9
1879,12,1879.958,1,26.4
1880,1,1880.042,1,29.4
1880,2,1880.124,1,33
1880,3,1880.206,1,39.8
1880,4,1880.29,1,46.1
1880,5,1880.373,1,49.4
1880,6,1880.456,1,52.2
1880,7,1880.54,1,54.6
1880,8,1880.624,1,57.3
1880,9,1880.708,1,61.3
1880,10,1880.791,1,65.8
1880,11,1880.874,1,69.4
1880,12,1880.958,1,72.6
1881,1,1881.042,1,78.3
1881,2,1881.123,1,82.8
1881,3,1881.204,1,82.6
1881,4,1881.288,1,83.2
1881,5,1881.371,1,86.4
1881,6,1881.455,1,89.3
1881,7,1881.538,1,91.1
1881,8,1881.623,1,92.8
1881,9,1881.707,1,95.1
1881,10,1881.79,1,99.2
1881,11,1881.874,1,103.7
1881,12,1881.958,1,104.1
1882,1,1882.042,1,100.8
1882,2,1882.123,1,97.4
1882,3,1882.204,1,96.5
1882,4,1882.288,1,96.4
1882,5,1882.371,1,98.1
1882,6,1882.455,1,99.8
1882,7,1882.538,1,100.5
1882,8,1882.623,1,100
1882,9,1882.707,1,96.7
1882,10,1882.79,1,94.1
1882,11,1882.874,1,90.9
1882,12,1882.958,1,90.8
1883,1,1883.042,1,95.4
1883,2,1883.123,1,98.2
1883,3,1883.204,1,98.2
1883,4,1883.288,1,99.6
1883,5,1883.371,1,101.3
1883,6,1883.455,1,103.7
1883,7,1883.538,1,108.2
1883,8,1883.623,1,113.1
1883,9,1883.707,1,119
1883,10,1883.79,1,121.7
1883,11,1883.874,1,123.7
1883,12,1883.958,1,124.4
1884,1,1884.042,1,120.8
1884,2,1884.124,1,119.5
1884,3,1884.206,1,120.9
1884,4,1884.29,1,119
1884,5,1884.373,1,113.2
1884,6,1884.456,1,107.8
1884,7,1884.54,1,102.5
1884,8,1884.624,1,98
1884,9,1884.708,1,94.4
1884,10,1884.791,1,90.3
1884,11,1884.874,1,89.3
1884,12,1884.958,1,92
1885,1,1885.042,1,95.1
1885,2,1885.123,1,95.7
1885,3,1885.204,1,93.7
1885,4,1885.288,1,91.6
1885,5,1885.371,1,90.5
1885,6,1885.455,1,88.4
1885,7,1885.538,1,85.7
1885,8,1885.623,1,81.6
1885,9,1885.707,1,79
1885,10,1885.79,1,78.7
1885,11,1885.874,1,75
1885,12,1885.958,1,68.2
1886,1,1886.042,1,61.7
1886,2,1886.123,1,56.9
1886,3,1886.204,1,53.3
1886,4,1886.288,1,50
1886,5,1886.371,1,45.7
1886,6,1886.455,1,43
1886,7,1886.538,1,41
1886,8,1886.623,1,38.8
1886,9,1886.707,1,34.2
1886,10,1886.79,1,28
1886,11,1886.874,1,24.7
1886,12,1886.958,1,23.1
1887,1,1887.042,1,21.9
1887,2,1887.123,1,21.7
1887,3,1887.204,1,21
1887,4,1887.288,1,19.9
1887,5,1887.371,1,20.2
1887,6,1887.455,1,21.2
1887,7,1887.538,1,21.9
1887,8,1887.623,1,21.7
1887,9,1887.707,1,21.5
1887,10,1887.79,1,21.6
1887,11,1887.874,1,20.6
1887,12,1887.958,1,19.1
1888,1,1888.042,1,17.1
1888,2,1888.124,1,14.4
1888,3,1888.206,1,13.2
1888,4,1888.29,1,13
1888,5,1888.373,1,12.9
1888,6,1888.456,1,12.2
1888,7,1888.54,1,10.4
1888,8,1888.624,1,9.7
1888,9,1888.708,1,9.7
1888,10,1888.791,1,9.5
1888,11,1888.874,1,9.2
1888,12,1888.958,1,8.8
1889,1,1889.042,1,9.2
1889,2,1889.123,1,10.9
1889,3,1889.204,1,12
1889,4,1889.288,1,11.8
1889,5,1889.371,1,11.1
1889,6,1889.455,1,10.4
1889,7,1889.538,1,10.7
1889,8,1889.623,1,10.5
1889,9,1889.707,1,9.8
1889,10,1889.79,1,9.5
1889,11,1889.874,1,9.5
1889,12,1889.958,1,9.3
1890,1,1890.042,1,9.1
1890,2,1890.123,1,8.4
1890,3,1890.204,1,8.3
1890,4,1890.288,1,9.7
1890,5,1890.371,1,10.9
1890,6,1890.455,1,11.7
1890,7,1890.538,1,12.3
1890,8,1890.623,1,14.4
1890,9,1890.707,1,16.2
1890,10,1890.79,1,17.9
1890,11,1890.874,1,21.7
1890,12,1890.958,1,27.5
1891,1,1891.042,1,34.1
1891,2,1891.123,1,39
1891,3,1891.204,1,43.3
1891,4,1891.288,1,48.7
1891,5,1891.371,1,53.7
1891,6,1891.455,1,57.7
1891,7,1891.538,1,63.2
1891,8,1891.623,1,70.8
1891,9,1891.707,1,77.3
1891,10,1891.79,1,83.5
1891,11,1891.874,1,89.5
1891,12,1891.958,1,94.2
1892,1,1892.042,1,97.4
1892,2,1892.124,1,103.3
1892,3,1892.206,1,108.7
1892,4,1892.29,1,110.6
1892,5,1892.373,1,113.6
1892,6,1892.456,1,118.4
1892,7,1892.54,1,122
1892,8,1892.624,1,122.2
1892,9,1892.708,1,123.1
1892,10,1892.791,1,125.5
1892,11,1892.874,1,127.2
1892,12,1892.958,1,128.5
1893,1,1893.042,1,130.2
1893,2,1893.123,1,133
1893,3,1893.204,1,136
1893,4,1893.288,1,137.7
1893,5,1893.371,1,139
1893,6,1893.455,1,140.8
1893,7,1893.538,1,142.4
1893,8,1893.623,1,143.8
1893,9,1893.707,1,143.6
1893,10,1893.79,1,142.3
1893,11,1893.874,1,142.9
1893,12,1893.958,1,144.7
1894,1,1894.042,1,146.5
1894,2,1894.123,1,143.7
1894,3,1894.204,1,138.7
1894,4,1894.288,1,137.6
1894,5,1894.371,1,136
1894,6,1894.455,1,132.4
1894,7,1894.538,1,128.6
1894,8,1894.623,1,126
1894,9,1894.707,1,125.4
1894,10,1894.79,1,125.7
1894,11,1894.874,1,123
1894,12,1894.958,1,118.8
1895,1,1895.042,1,112.8
1895,2,1895.123,1,108.7
1895,3,1895.204,1,108
1895,4,1895.288,1,106.9
1895,5,1895.371,1,105.8
1895,6,1895.455,1,105.9
1895,7,1895.538,1,104.2
1895,8,1895.623,1,101.2
1895,9,1895.707,1,99.9
1895,10,1895.79,1,96.9
1895,11,1895.874,1,91.9
1895,12,1895.958,1,87.5
1896,1,1896.042,1,85.8
1896,2,1896.124,1,82.7
1896,3,1896.206,1,80.1
1896,4,1896.29,1,77.6
1896,5,1896.373,1,74.2
1896,6,1896.456,1,71.7
1896,7,1896.54,1,70.5
1896,8,1896.624,1,69.4
1896,9,1896.708,1,65.8
1896,10,1896.791,1,63.4
1896,11,1896.874,1,62
1896,12,1896.958,1,58.8
1897,1,1897.042,1,55
1897,2,1897.123,1,53.4
1897,3,1897.204,1,52.1
1897,4,1897.288,1,50.2
1897,5,1897.371,1,47.1
1897,6,1897.455,1,44.4
1897,7,1897.538,1,43.1
1897,8,1897.623,1,42.8
1897,9,1897.707,1,44
1897,10,1897.79,1,43.5
1897,11,1897.874,1,42.7
1897,12,1897.958,1,43.9
1898,1,1898.042,1,43.3
1898,2,1898.123,1,42.7
1898,3,1898.204,1,42.4
1898,4,1898.288,1,42.9
1898,5,1898.371,1,45.8
1898,6,1898.455,1,46
1898,7,1898.538,1,43.8
1898,8,1898.623,1,41.2
1898,9,1898.707,1,37.9
1898,10,1898.79,1,36.4
1898,11,1898.874,1,35.2
1898,12,1898.958,1,33.8
1899,1,1899.042,1,34
1899,2,1899.123,1,32.3
1899,3,1899.204,1,28.5
1899,4,1899.288,1,25.2
1899,5,1899.371,1,22.1
1899,6,1899.455,1,20.3
1899,7,1899.538,1,19.5
1899,8,1899.623,1,19.1
1899,9,1899.707,1,18.8
1899,10,1899.79,1,18.2
1899,11,1899.874,1,18.9
1899,12,1899.958,1,18.8
1900,1,1900.042,1,17.9
1900,2,1900.123,1,17.6
1900,3,1900.204,1,17.7
1900,4,1900.288,1,17.7
1900,5,1900.371,1,17.5
1900,6,1900.455,1,16.5
1900,7,1900.538,1,15.2
1900,8,1900.623,1,13.7
1900,9,1900.707,1,12.7
1900,10,1900.79,1,11.3
1900,11,1900.874,1,9.8
1900,12,1900.958,1,9
1901,1,1901.042,1,8.1
1901,2,1901.123,1,7.3
1901,3,1901.204,1,6.5
1901,4,1901.288,1,5.4
1901,5,1901.371,1,4.7
1901,6,1901.455,1,4.6
1901,7,1901.538,1,5
1901,8,1901.623,1,5.2
1901,9,1901.707,1,5.5
1901,10,1901.79,1,6.1
1901,11,1901.874,1,5.6
1901,12,1901.958,1,4.8
1902,1,1902.042,1,4.5
1902,2,1902.123,1,4.6
1902,3,1902.204,1,5.2
1902,4,1902.288,1,6.5
1902,5,1902.371,1,7.8
1902,6,1902.455,1,8.4
1902,7,1902.538,1,8.6
1902,8,1902.623,1,10
1902,9,1902.707,1,11.3
1902,10,1902.79,1,13.1
1902,11,1902.874,1,15.8
1902,12,1902.958,1,17.6
1903,1,1903.042,1,20.5
1903,2,1903.123,1,24.2
1903,3,1903.204,1,26.3
1903,4,1903.288,1,28.1
1903,5,1903.371,1,32.1
1903,6,1903.455,1,37.6
1903,7,1903.538,1,42.3
1903,8,1903.623,1,44.4
1903,9,1903.707,1,46.6
1903,10,1903.79,1,49.4
1903,11,1903.874,1,52.3
1903,12,1903.958,1,55.8
1904,1,1904.042,1,59.1
1904,2,1904.124,1,62.7
1904,3,1904.206,1,66.1
1904,4,1904.29,1,68.5
1904,5,1904.373,1,69.1
1904,6,1904.456,1,69.3
1904,7,1904.54,1,71.5
1904,8,1904.624,1,77.4
1904,9,1904.708,1,83
1904,10,1904.791,1,84.1
1904,11,1904.874,1,84.4
1904,12,1904.958,1,85.5
1905,1,1905.042,1,87.6
1905,2,1905.123,1,89.1
1905,3,1905.204,1,90.9
1905,4,1905.288,1,94.4
1905,5,1905.371,1,100.9
1905,6,1905.455,1,105.7
1905,7,1905.538,1,105.1
1905,8,1905.623,1,100.7
1905,9,1905.707,1,97.5
1905,10,1905.79,1,99.1
1905,11,1905.874,1,100.9
1905,12,1905.958,1,102.6
1906,1,1906.042,1,105.7
1906,2,1906.123,1,107.1
1906,3,1906.204,1,106.4
1906,4,1906.288,1,102.2
1906,5,1906.371,1,93.2
1906,6,1906.455,1,89.1
1906,7,1906.538,1,91.9
1906,8,1906.623,1,99.4
1906,9,1906.707,1,104.5
1906,10,1906.79,1,104
1906,11,1906.874,1,102.8
1906,12,1906.958,1,100.2
1907,1,1907.042,1,94.9
1907,2,1907.123,1,91.6
1907,3,1907.204,1,94
1907,4,1907.288,1,99.4
1907,5,1907.371,1,104.2
1907,6,1907.455,1,104.6
1907,7,1907.538,1,100.8
1907,8,1907.623,1,93.1
1907,9,1907.707,1,85.7
1907,10,1907.79,1,83.8
1907,11,1907.874,1,84
1907,12,1907.958,1,84.4
1908,1,1908.042,1,84.3
1908,2,1908.124,1,86.1
1908,3,1908.206,1,88.7
1908,4,1908.29,1,86.6
1908,5,1908.373,1,83.1
1908,6,1908.456,1,81.5
1908,7,1908.54,1,82.2
1908,8,1908.624,1,84.3
1908,9,1908.708,1,87.8
1908,10,1908.791,1,88.6
1908,11,1908.874,1,86.5
1908,12,1908.958,1,84.4
1909,1,1909.042,1,82.4
1909,2,1909.123,1,77.4
1909,3,1909.204,1,69.4
1909,4,1909.288,1,67.9
1909,5,1909.371,1,70.4
1909,6,1909.455,1,72.1
1909,7,1909.538,1,71
1909,8,1909.623,1,67.9
1909,9,1909.707,1,63.7
1909,10,1909.79,1,58.9
1909,11,1909.874,1,56.3
1909,12,1909.958,1,54.6
1910,1,1910.042,1,52.4
1910,2,1910.123,1,50.1
1910,3,1910.204,1,48.4
1910,4,1910.288,1,46.2
1910,5,1910.371,1,41.2
1910,6,1910.455,1,34.4
1910,7,1910.538,1,29.4
1910,8,1910.623,1,26.2
1910,9,1910.707,1,23.7
1910,10,1910.79,1,23.3
1910,11,1910.874,1,23
1910,12,1910.958,1,21.4
1911,1,1911.042,1,20
1911,2,1911.123,1,18.7
1911,3,1911.204,1,16.6
1911,4,1911.288,1,12.6
1911,5,1911.371,1,10.1
1911,6,1911.455,1,9.8
1911,7,1911.538,1,9.3
1911,8,1911.623,1,8.5
1911,9,1911.707,1,7.7
1911,10,1911.79,1,6.6
1911,11,1911.874,1,5.5
1911,12,1911.958,1,5.3
1912,1,1912.042,1,5.4
1912,2,1912.124,1,5.1
1912,3,1912.206,1,5.2
1912,4,1912.29,1,5.7
1912,5,1912.373,1,5.6
1912,6,1912.456,1,5.7
1912,7,1912.54,1,6.1
1912,8,1912.624,1,6.5
1912,9,1912.708,1,6.4
1912,10,1912.791,1,5.8
1912,11,1912.874,1,5.2
1912,12,1912.958,1,4.7
1913,1,1913.042,1,4.3
1913,2,1913.123,1,4.2
1913,3,1913.204,1,3.6
1913,4,1913.288,1,2.9
1913,5,1913.371,1,2.8
1913,6,1913.455,1,2.6
1913,7,1913.538,1,2.5
1913,8,1913.623,1,2.5
1913,9,1913.707,1,2.6
1913,10,1913.79,1,4
1913,11,1913.874,1,5.5
1913,12,1913.958,1,6.6
1914,1,1914.042,1,7.7
1914,2,1914.123,1,8.5
1914,3,1914.204,1,9.8
1914,4,1914.288,1,10.9
1914,5,1914.371,1,12.4
1914,6,1914.455,1,14.8
1914,7,1914.538,1,17.5
1914,8,1914.623,1,21.6
1914,9,1914.707,1,26.8
1914,10,1914.79,1,31
1914,11,1914.874,1,34.6
1914,12,1914.958,1,40.5
1915,1,1915.042,1,49.1
1915,2,1915.123,1,58
1915,3,1915.204,1,64.8
1915,4,1915.288,1,70.5
1915,5,1915.371,1,75.5
1915,6,1915.455,1,78.1
1915,7,1915.538,1,80.5
1915,8,1915.623,1,83
1915,9,1915.707,1,85.8
1915,10,1915.79,1,89.9
1915,11,1915.874,1,94.9
1915,12,1915.958,1,97.7
1916,1,1916.042,1,96.4
1916,2,1916.124,1,92.7
1916,3,1916.206,1,90
1916,4,1916.29,1,89.5
1916,5,1916.373,1,91
1916,6,1916.456,1,93.9
1916,7,1916.54,1,97.2
1916,8,1916.624,1,100.4
1916,9,1916.708,1,103.4
1916,10,1916.791,1,105.6
1916,11,1916.874,1,108.5
1916,12,1916.958,1,114.6
1917,1,1917.042,1,122.4
1917,2,1917.123,1,135.3
1917,3,1917.204,1,149.5
1917,4,1917.288,1,156.8
1917,5,1917.371,1,160.4
1917,6,1917.455,1,167.9
1917,7,1917.538,1,174.7
1917,8,1917.623,1,175.7
1917,9,1917.707,1,173.6
1917,10,1917.79,1,172.5
1917,11,1917.874,1,170.3
1917,12,1917.958,1,163.8
1918,1,1918.042,1,159.1
1918,2,1918.123,1,154.6
1918,3,1918.204,1,147.5
1918,4,1918.288,1,145
1918,5,1918.371,1,145
1918,6,1918.455,1,139.2
1918,7,1918.538,1,131
1918,8,1918.623,1,128.6
1918,9,1918.707,1,129.2
1918,10,1918.79,1,126.9
1918,11,1918.874,1,125.7
1918,12,1918.958,1,130
1919,1,1919.042,1,130.6
1919,2,1919.123,1,125.4
1919,3,1919.204,1,121.4
1919,4,1919.288,1,117.4
1919,5,1919.371,1,112.3
1919,6,1919.455,1,107.7
1919,7,1919.538,1,106.2
1919,8,1919.623,1,104.6
1919,9,1919.707,1,103.1
1919,10,1919.79,1,100.8
1919,11,1919.874,1,94.4
1919,12,1919.958,1,85.6
1920,1,1920.042,1,78
1920,2,1920.124,1,71.9
1920,3,1920.206,1,67.2
1920,4,1920.29,1,65.7
1920,5,1920.373,1,64.4
1920,6,1920.456,1,63.1
1920,7,1920.54,1,61.3
1920,8,1920.624,1,58.2
1920,9,1920.708,1,53.4
1920,10,1920.791,1,51.6
1920,11,1920.874,1,52.1
1920,12,1920.958,1,51
1921,1,1921.042,1,51.6
1921,2,1921.123,1,52.9
1921,3,1921.204,1,51.8
1921,4,1921.288,1,48.3
1921,5,1921.371,1,45.5
1921,6,1921.455,1,44.2
1921,7,1921.538,1,42.2
1921,8,1921.623,1,40.7
1921,9,1921.707,1,42.5
1921,10,1921.79,1,42.9
1921,11,1921.874,1,40.5
1921,12,1921.958,1,37.6
1922,1,1922.042,1,33.5
1922,2,1922.123,1,30.2
1922,3,1922.204,1,28.2
1922,4,1922.288,1,26.4
1922,5,1922.371,1,24.9
1922,6,1922.455,1,24
1922,7,1922.538,1,23.2
1922,8,1922.623,1,21
1922,9,1922.707,1,15.7
1922,10,1922.79,1,11.8
1922,11,1922.874,1,11.1
1922,12,1922.958,1,11
1923,1,1923.042,1,10.7
1923,2,1923.123,1,9.8
1923,3,1923.204,1,10
1923,4,1923.288,1,10.9
1923,5,1923.371,1,11.5
1923,6,1923.455,1,10.7
1923,7,1923.538,1,9.4
1923,8,1923.623,1,9.4
1923,9,1923.707,1,9.5
1923,10,1923.79,1,9.8
1923,11,1923.874,1,11.3
1923,12,1923.958,1,13.6
1924,1,1924.042,1,16.3
1924,2,1924.124,1,19.3
1924,3,1924.206,1,21.5
1924,4,1924.29,1,23.3
1924,5,1924.373,1,25.1
1924,6,1924.456,1,26.9
1924,7,1924.54,1,28.2
1924,8,1924.624,1,29.8
1924,9,1924.708,1,32.2
1924,10,1924.791,1,34.7
1924,11,1924.874,1,37.7
1924,12,1924.958,1,40.8
1925,1,1925.042,1,43.2
1925,2,1925.123,1,45.2
1925,3,1925.204,1,48.9
1925,4,1925.288,1,54.4
1925,5,1925.371,1,59.9
1925,6,1925.455,1,68.2
1925,7,1925.538,1,78.5
1925,8,1925.623,1,86.3
1925,9,1925.707,1,92.6
1925,10,1925.79,1,96.2
1925,11,1925.874,1,98.2
1925,12,1925.958,1,101.4
1926,1,1926.042,1,104.2
1926,2,1926.123,1,106.8
1926,3,1926.204,1,108.5
1926,4,1926.288,1,108.7
1926,5,1926.371,1,109
1926,6,1926.455,1,107.8
1926,7,1926.538,1,107.2
1926,8,1926.623,1,109.4
1926,9,1926.707,1,111.6
1926,10,1926.79,1,115.9
1926,11,1926.874,1,120.7
1926,12,1926.958,1,120.8
1927,1,1927.042,1,120
1927,2,1927.123,1,119.6
1927,3,1927.204,1,119.6
1927,4,1927.288,1,119.5
1927,5,1927.371,1,119.4
1927,6,1927.455,1,117.5
1927,7,1927.538,1,115.2
1927,8,1927.623,1,114
1927,9,1927.707,1,113.7
1927,10,1927.79,1,113.9
1927,11,1927.874,1,112.9
1927,12,1927.958,1,115
1928,1,1928.042,1,120.2
1928,2,1928.124,1,125.3
1928,3,1928.206,1,128.9
1928,4,1928.29,1,130.2
1928,5,1928.373,1,128.9
1928,6,1928.456,1,128.7
1928,7,1928.54,1,128.7
1928,8,1928.624,1,126.9
1928,9,1928.708,1,123.7
1928,10,1928.791,1,119.4
1928,11,1928.874,1,116.1
1928,12,1928.958,1,113.5
1929,1,1929.042,1,110.2
1929,2,1929.123,1,107
1929,3,1929.204,1,101.9
1929,4,1929.288,1,97.5
1929,5,1929.371,1,99.2
1929,6,1929.455,1,104.7
1929,7,1929.538,1,107.9
1929,8,1929.623,1,106.7
1929,9,1929.707,1,104.7
1929,10,1929.79,1,102.7
1929,11,1929.874,1,100.2
1929,12,1929.958,1,95.7
1930,1,1930.042,1,89.3
1930,2,1930.123,1,83.2
1930,3,1930.204,1,80.2
1930,4,1930.288,1,78.6
1930,5,1930.371,1,74.1
1930,6,1930.455,1,65.2
1930,7,1930.538,1,56
1930,8,1930.623,1,52
1930,9,1930.707,1,51.2
1930,10,1930.79,1,50.4
1930,11,1930.874,1,49
1930,12,1930.958,1,47.2
1931,1,1931.042,1,46
1931,2,1931.123,1,44.9
1931,3,1931.204,1,43.1
1931,4,1931.288,1,40.5
1931,5,1931.371,1,37.7
1931,6,1931.455,1,35.9
1931,7,1931.538,1,35.2
1931,8,1931.623,1,32.8
1931,9,1931.707,1,29.2
1931,10,1931.79,1,26.5
1931,11,1931.874,1,24.6
1931,12,1931.958,1,24.7
1932,1,1932.042,1,24.6
1932,2,1932.124,1,23.6
1932,3,1932.206,1,22.1
1932,4,1932.29,1,21
1932,5,1932.373,1,20.2
1932,6,1932.456,1,19
1932,7,1932.54,1,18.6
1932,8,1932.624,1,19.4
1932,9,1932.708,1,20.1
1932,10,1932.791,1,19.5
1932,11,1932.874,1,17.9
1932,12,1932.958,1,15.7
1933,1,1933.042,1,14
1933,2,1933.123,1,13.1
1933,3,1933.204,1,12.7
1933,4,1933.288,1,12.4
1933,5,1933.371,1,11.5
1933,6,1933.455,1,10.2
1933,7,1933.538,1,8.8
1933,8,1933.623,1,7.2
1933,9,1933.707,1,5.8
1933,10,1933.79,1,6
1933,11,1933.874,1,7.7
1933,12,1933.958,1,9
1934,1,1934.042,1,9.5
1934,2,1934.123,1,10.5
1934,3,1934.204,1,11
1934,4,1934.288,1,11.1
1934,5,1934.371,1,11.9
1934,6,1934.455,1,13.5
1934,7,1934.538,1,15.6
1934,8,1934.623,1,17.5
1934,9,1934.707,1,19.7
1934,10,1934.79,1,21.1
1934,11,1934.874,1,21.7
1934,12,1934.958,1,24.9
1935,1,1935.042,1,29.3
1935,2,1935.123,1,32.6
1935,3,1935.204,1,36.7
1935,4,1935.288,1,42.7
1935,5,1935.371,1,49.8
1935,6,1935.455,1,56.9
1935,7,1935.538,1,63.1
1935,8,1935.623,1,69.9
1935,9,1935.707,1,77.4
1935,10,1935.79,1,85.5
1935,11,1935.874,1,91.8
1935,12,1935.958,1,95.3
1936,1,1936.042,1,98.3
1936,2,1936.124,1,103.5
1936,3,1936.206,1,109.8
1936,4,1936.29,1,114.7
1936,5,1936.373,1,120.7
1936,6,1936.456,1,128.6
1936,7,1936.54,1,137.7
1936,8,1936.624,1,146.3
1936,9,1936.708,1,150.5
1936,10,1936.791,1,153.4
1936,11,1936.874,1,160.1
1936,12,1936.958,1,168.6
1937,1,1937.042,1,179.2
1937,2,1937.123,1,189.2
1937,3,1937.204,1,194.4
1937,4,1937.288,1,198.6
1937,5,1937.371,1,198.3
1937,6,1937.455,1,193
1937,7,1937.538,1,188.3
1937,8,1937.623,1,185.2
1937,9,1937.707,1,184.8
1937,10,1937.79,1,184.4
1937,11,1937.874,1,184.6
1937,12,1937.958,1,183
1938,1,1938.042,1,182.2
1938,2,1938.123,1,182.1
1938,3,1938.204,1,179.8
1938,4,1938.288,1,177.2
1938,5,1938.371,1,178.7
1938,6,1938.455,1,182.3
1938,7,1938.538,1,181.4
1938,8,1938.623,1,177.2
1938,9,1938.707,1,172.8
1938,10,1938.79,1,171.8
1938,11,1938.874,1,171.8
1938,12,1938.958,1,171.4
1939,1,1939.042,1,166.9
1939,2,1939.123,1,161.5
1939,3,1939.204,1,162.4
1939,4,1939.288,1,163.3
1939,5,1939.371,1,158.8
1939,6,1939.455,1,151.5
1939,7,1939.538,1,145.9
1939,8,1939.623,1,142.6
1939,9,1939.707,1,142.6
1939,10,1939.79,1,140.6
1939,11,1939.874,1,132.7
1939,12,1939.958,1,127.1
1940,1,1940.042,1,123.8
1940,2,1940.124,1,121.7
1940,3,1940.206,1,118.5
1940,4,1940.29,1,113
1940,5,1940.373,1,110
1940,6,1940.456,1,111.1
1940,7,1940.54,1,112.6
1940,8,1940.624,1,111.3
1940,9,1940.708,1,107.7
1940,10,1940.791,1,103.2
1940,11,1940.874,1,99.5
1940,12,1940.958,1,96.1
1941,1,1941.042,1,94.4
1941,2,1941.123,1,91.2
1941,3,1941.204,1,88
1941,4,1941.288,1,87.3
1941,5,1941.371,1,85.3
1941,6,1941.455,1,81.6
1941,7,1941.538,1,78.5
1941,8,1941.623,1,78.3
1941,9,1941.707,1,79.4
1941,10,1941.79,1,81.9
1941,11,1941.874,1,83.6
1941,12,1941.958,1,79.9
1942,1,1942.042,1,73.1
1942,2,1942.123,1,67
1942,3,1942.204,1,60.8
1942,4,1942.288,1,55.5
1942,5,1942.371,1,53.1
1942,6,1942.455,1,51.8
1942,7,1942.538,1,49.4
1942,8,1942.623,1,46.2
1942,9,1942.707,1,42.6
1942,10,1942.79,1,38.4
1942,11,1942.874,1,35.2
1942,12,1942.958,1,34.2
1943,1,1943.042,1,33.6
1943,2,1943.123,1,33.2
1943,3,1943.204,1,32.7
1943,4,1943.288,1,31.4
1943,5,1943.371,1,29.2
1943,6,1943.455,1,27.5
1943,7,1943.538,1,26.6
1943,8,1943.623,1,24
1943,9,1943.707,1,20.9
1943,10,1943.79,1,18
1943,11,1943.874,1,15.4
1943,12,1943.958,1,14.4
1944,1,1944.042,1,13.6
1944,2,1944.124,1,12.9
1944,3,1944.206,1,13
1944,4,1944.29,1,13.9
1944,5,1944.373,1,14.6
1944,6,1944.456,1,15.3
1944,7,1944.54,1,17
1944,8,1944.624,1,18.9
1944,9,1944.708,1,20.4
1944,10,1944.791,1,23.4
1944,11,1944.874,1,27.5
1944,12,1944.958,1,31.7
1945,1,1945.042,1,36.4
1945,2,1945.123,1,39.7
1945,3,1945.204,1,41.7
1945,4,1945.288,1,46.8
1945,5,1945.371,1,52.8
1945,6,1945.455,1,55.2
1945,7,1945.538,1,57.1
1945,8,1945.623,1,64.3
1945,9,1945.707,1,73.2
1945,10,1945.79,1,80.1
1945,11,1945.874,1,86.9
1945,12,1945.958,1,93.2
1946,1,1946.042,1,101
1946,2,1946.123,1,111.7
1946,3,1946.204,1,121.5
1946,4,1946.288,1,128
1946,5,1946.371,1,135.7
1946,6,1946.455,1,147.7
1946,7,1946.538,1,157.7
1946,8,1946.623,1,163.1
1946,9,1946.707,1,167.3
1946,10,1946.79,1,173.3
1946,11,1946.874,1,182.8
1946,12,1946.958,1,193.4
1947,1,1947.042,1,199.2
1947,2,1947.123,1,204.1
1947,3,1947.204,1,211.2
1947,4,1947.288,1,217.2
1947,5,1947.371,1,218.7
1947,6,1947.455,1,216.1
1947,7,1947.538,1,214.1
1947,8,1947.623,1,210.9
1947,9,1947.707,1,206
1947,10,1947.79,1,206.3
1947,11,1947.874,1,207.1
1947,12,1947.958,1,205.7
1948,1,1948.042,1,205
1948,2,1948.124,1,202.3
1948,3,1948.206,1,198.9
1948,4,1948.29,1,195.7
1948,5,1948.373,1,192.2
1948,6,1948.456,1,191.6
1948,7,1948.54,1,193.5
1948,8,1948.624,1,199.8
1948,9,1948.708,1,209.1
1948,10,1948.791,1,210.3
1948,11,1948.874,1,203.8
1948,12,1948.958,1,197.1
1949,1,1949.042,1,193.4
1949,2,1949.123,1,190.4
1949,3,1949.204,1,188.5
1949,4,1949.288,1,188.4
1949,5,1949.371,1,190.9
1949,6,1949.455,1,192.5
1949,7,1949.538,1,190.3
1949,8,1949.623,1,184.1
1949,9,1949.707,1,176.1
1949,10,1949.79,1,171.4
1949,11,1949.874,1,169.4
1949,12,1949.958,1,167.1
1950,1,1950.042,1,162.8
1950,2,1950.123,1,158.5
1950,3,1950.204,1,150.7
1950,4,1950.288,1,141
1950,5,1950.371,1,131.6
1950,6,1950.455,1,122.6
1950,7,1950.538,1,116.4
1950,8,1950.623,1,111.9
1950,9,1950.707,1,106.7
1950,10,1950.79,1,102.3
1950,11,1950.874,1,101.2
1950,12,1950.958,1,102.4
1951,1,1951.042,1,101.6
1951,2,1951.123,1,98.5
1951,3,1951.204,1,98.9
1951,4,1951.288,1,100.2
1951,5,1951.371,1,99.5
1951,6,1951.455,1,98.9
1951,7,1951.538,1,97.3
1951,8,1951.623,1,94
1951,9,1951.707,1,89.8
1951,10,1951.79,1,84
1951,11,1951.874,1,75.3
1951,12,1951.958,1,66.5
1952,1,1952.042,1,61.5
1952,2,1952.124,1,59.8
1952,3,1952.206,1,56.2
1952,4,1952.29,1,51.4
1952,5,1952.373,1,48
1952,6,1952.456,1,45.5
1952,7,1952.54,1,44
1952,8,1952.624,1,42.1
1952,9,1952.708,1,40.3
1952,10,1952.791,1,39.5
1952,11,1952.874,1,38.8
1952,12,1952.958,1,37.3
1953,1,1953.042,1,34.6
1953,2,1953.123,1,31
1953,3,1953.204,1,28.6
1953,4,1953.288,1,27.2
1953,5,1953.371,1,25
1953,6,1953.455,1,22
1953,7,1953.538,1,18.5
1953,8,1953.623,1,16.7
1953,9,1953.707,1,16.6
1953,10,1953.79,1,15.1
1953,11,1953.874,1,12.8
1953,12,1953.958,1,10.8
1954,1,1954.042,1,9.3
1954,2,1954.123,1,8.2
1954,3,1954.204,1,6.3
1954,4,1954.288,1,5.1
1954,5,1954.371,1,5.5
1954,6,1954.455,1,6.3
1954,7,1954.538,1,7.9
1954,8,1954.623,1,10.5
1954,9,1954.707,1,11.4
1954,10,1954.79,1,11.6
1954,11,1954.874,1,13.8
1954,12,1954.958,1,17.4
1955,1,1955.042,1,20.5
1955,2,1955.123,1,23.7
1955,3,1955.204,1,28
1955,4,1955.288,1,33.5
1955,5,1955.371,1,41.2
1955,6,1955.455,1,50
1955,7,1955.538,1,57
1955,8,1955.623,1,66
1955,9,1955.707,1,78.8
1955,10,1955.79,1,91.3
1955,11,1955.874,1,103.5
1955,12,1955.958,1,114.8
1956,1,1956.042,1,125.8
1956,2,1956.124,1,139.4
1956,3,1956.206,1,154.7
1956,4,1956.29,1,168.1
1956,5,1956.373,1,180.4
1956,6,1956.456,1,193.9
1956,7,1956.54,1,206.1
1956,8,1956.624,1,211.8
1956,9,1956.708,1,214.5
1956,10,1956.791,1,220.6
1956,11,1956.874,1,226
1956,12,1956.958,1,232.7
1957,1,1957.042,1,241.1
1957,2,1957.123,1,243.8
1957,3,1957.204,1,246.8
1957,4,1957.288,1,256.3
1957,5,1957.371,1,262.7
1957,6,1957.455,1,266.1
1957,7,1957.538,1,271.1
1957,8,1957.623,1,275.3
1957,9,1957.707,1,279.3
1957,10,1957.79,1,282.5
1957,11,1957.874,1,284.4
1957,12,1957.958,1,283.3
1958,1,1958.042,1,281.8
1958,2,1958.123,1,284.5
1958,3,1958.204,1,285
1958,4,1958.288,1,278.7
1958,5,1958.371,1,271
1958,6,1958.455,1,264.5
1958,7,1958.538,1,262.3
1958,8,1958.623,1,261.9
1958,9,1958.707,1,260.3
1958,10,1958.79,1,258.1
1958,11,1958.874,1,255.9
1958,12,1958.958,1,255.6
1959,1,1959.042,1,252.9
1959,2,1959.123,1,250.4
1959,3,1959.204,1,247.1
1959,4,1959.288,1,239.7
1959,5,1959.371,1,233.9
1959,6,1959.455,1,228.5
1959,7,1959.538,1,220.6
1959,8,1959.623,1,214.2
1959,9,1959.707,1,207.1
1959,10,1959.79,1,199.7
1959,11,1959.874,1,194.2
1959,12,1959.958,1,187.6
1960,1,1960.042,1,182.5
1960,2,1960.124,1,177
1960,3,1960.206,1,172.1
1960,4,1960.29,1,169.4
1960,5,1960.373,1,165.7
1960,6,1960.456,1,161.3
1960,7,1960.54,1,153.8
1960,8,1960.624,1,145
1960,9,1960.708,1,138.6
1960,10,1960.791,1,132.1
1960,11,1960.874,1,124.5
1960,12,1960.958,1,118.5
1961,1,1961.042,1,113.6
1961,2,1961.123,1,105.9
1961,3,1961.204,1,97.5
1961,4,1961.288,1,91.1
1961,5,1961.371,1,85.1
1961,6,1961.455,1,79.1
1961,7,1961.538,1,75.3
1961,8,1961.623,1,74.4
1961,9,1961.707,1,74.3
1961,10,1961.79,1,73
1961,11,1961.874,1,71.7
1961,12,1961.958,1,69.1
1962,1,1962.042,1,64.2
1962,2,1962.123,1,59.4
1962,3,1962.204,1,56.7
1962,4,1962.288,1,56.1
1962,5,1962.371,1,55.9
1962,6,1962.455,1,54.6
1962,7,1962.538,1,52.5
1962,8,1962.623,1,49.8
1962,9,1962.707,1,46.7
1962,10,1962.79,1,44
1962,11,1962.874,1,42.9
1962,12,1962.958,1,42.6
1963,1,1963.042,1,42.1
1963,2,1963.123,1,42.6
1963,3,1963.204,1,42.6
1963,4,1963.288,1,41.6
1963,5,1963.371,1,41.1
1963,6,1963.455,1,40.4
1963,7,1963.538,1,39.7
1963,8,1963.623,1,39
1963,9,1963.707,1,38.6
1963,10,1963.79,1,37.4
1963,11,1963.874,1,34.2
1963,12,1963.958,1,30.7
1964,1,1964.042,1,28.1
1964,2,1964.124,1,25.7
1964,3,1964.206,1,22.3
1964,4,1964.29,1,18.6
1964,5,1964.373,1,16
1964,6,1964.456,1,15
1964,7,1964.54,1,15.2
1964,8,1964.624,1,15.1
1964,9,1964.708,1,14.6
1964,10,1964.791,1,14.3
1964,11,1964.874,1,15
1964,12,1964.958,1,16.2
1965,1,1965.042,1,17.2
1965,2,1965.123,1,17.7
1965,3,1965.204,1,18.4
1965,4,1965.288,1,19.9
1965,5,1965.371,1,21.2
1965,6,1965.455,1,21.8
1965,7,1965.538,1,22.6
1965,8,1965.623,1,23.8
1965,9,1965.707,1,25.2
1965,10,1965.79,1,28.4
1965,11,1965.874,1,32.1
1965,12,1965.958,1,35.2
1966,1,1966.042,1,39.7
1966,2,1966.123,1,44.8
1966,3,1966.204,1,49.2
1966,4,1966.288,1,53.3
1966,5,1966.371,1,57.9
1966,6,1966.455,1,63.4
1966,7,1966.538,1,71.4
1966,8,1966.623,1,80.3
1966,9,1966.707,1,89.5
1966,10,1966.79,1,95.8
1966,11,1966.874,1,99.4
1966,12,1966.958,1,103
1967,1,1967.042,1,106.2
1967,2,1967.123,1,111.6
1967,3,1967.204,1,116.5
1967,4,1967.288,1,119.8
1967,5,1967.371,1,123.9
1967,6,1967.455,1,129.4
1967,7,1967.538,1,133.3
1967,8,1967.623,1,135
1967,9,1967.707,1,134.9
1967,10,1967.79,1,134.5
1967,11,1967.874,1,137.6
1967,12,1967.958,1,142.5
1968,1,1968.042,1,145.3
1968,2,1968.124,1,145.7
1968,3,1968.206,1,148.2
1968,4,1968.29,1,151.8
1968,5,1968.373,1,152.4
1968,6,1968.456,1,150.9
1968,7,1968.54,1,148.9
1968,8,1968.624,1,148.4
1968,9,1968.708,1,151.5
1968,10,1968.791,1,155.5
1968,11,1968.874,1,156.6
1968,12,1968.958,1,156
1969,1,1969.042,1,155.7
1969,2,1969.123,1,155.1
1969,3,1969.204,1,152.9
1969,4,1969.288,1,150.7
1969,5,1969.371,1,150.4
1969,6,1969.455,1,150.1
1969,7,1969.538,1,149.9
1969,8,1969.623,1,150.7
1969,9,1969.707,1,149.2
1969,10,1969.79,1,147.4
1969,11,1969.874,1,148
1969,12,1969.958,1,148.5
1970,1,1970.042,1,149.5
1970,2,1970.123,1,150.1
1970,3,1970.204,1,150.3
1970,4,1970.288,1,150.3
1970,5,1970.371,1,149.8
1970,6,1970.455,1,149.1
1970,7,1970.538,1,147
1970,8,1970.623,1,143
1970,9,1970.707,1,137.6
1970,10,1970.79,1,132.9
1970,11,1970.874,1,126.5
1970,12,1970.958,1,119
1971,1,1971.042,1,113.8
1971,2,1971.123,1,110.1
1971,3,1971.204,1,105.3
1971,4,1971.288,1,100.4
1971,5,1971.371,1,96.5
1971,6,1971.455,1,94.5
1971,7,1971.538,1,92.7
1971,8,1971.623,1,91.5
1971,9,1971.707,1,93.2
1971,10,1971.79,1,93.8
1971,11,1971.874,1,94.7
1971,12,1971.958,1,98.3
1972,1,1972.042,1,100.3
1972,2,1972.124,1,100.9
1972,3,1972.206,1,102.6
1972,4,1972.29,1,104
1972,5,1972.373,1,103.3
1972,6,1972.456,1,99.9
1972,7,1972.54,1,96.6
1972,8,1972.624,1,92.9
1972,9,1972.708,1,88.2
1972,10,1972.791,1,85.9
1972,11,1972.874,1,83.3
1972,12,1972.958,1,78.2
1973,1,1973.042,1,72.3
1973,2,1973.123,1,66.1
1973,3,1973.204,1,62.8
1973,4,1973.288,1,60.8
1973,5,1973.371,1,57.9
1973,6,1973.455,1,55.6
1973,7,1973.538,1,53.4
1973,8,1973.623,1,51.4
1973,9,1973.707,1,49
1973,10,1973.79,1,46.6
1973,11,1973.874,1,45.4
1973,12,1973.958,1,45
1974,1,1974.042,1,46.8
1974,2,1974.123,1,49.1
1974,3,1974.204,1,48.5
1974,4,1974.288,1,48.3
1974,5,1974.371,1,49.4
1974,6,1974.455,1,49.3
1974,7,1974.538,1,48.6
1974,8,1974.623,1,47.3
1974,9,1974.707,1,45.8
1974,10,1974.79,1,43.2
1974,11,1974.874,1,39.3
1974,12,1974.958,1,36.1
1975,1,1975.042,1,33
1975,2,1975.123,1,31.8
1975,3,1975.204,1,30.6
1975,4,1975.288,1,26.8
1975,5,1975.371,1,24.2
1975,6,1975.455,1,23.2
1975,7,1975.538,1,21.8
1975,8,1975.623,1,20.7
1975,9,1975.707,1,20.9
1975,10,1975.79,1,22.3
1975,11,1975.874,1,23.3
1975,12,1975.958,1,23.6
1976,1,1976.042,1,22.1
1976,2,1976.124,1,19.2
1976,3,1976.206,1,17.8
1976,4,1976.29,1,18.4
1976,5,1976.373,1,18.3
1976,6,1976.456,1,17.9
1976,7,1976.54,1,18.8
1976,8,1976.624,1,20.5
1976,9,1976.708,1,20.8
1976,10,1976.791,1,19.7
1976,11,1976.874,1,19.7
1976,12,1976.958,1,21.6
1977,1,1977.042,1,24.3
1977,2,1977.123,1,26.3
1977,3,1977.204,1,28.8
1977,4,1977.288,1,31.9
1977,5,1977.371,1,34.7
1977,6,1977.455,1,37.7
1977,7,1977.538,1,41.4
1977,8,1977.623,1,47.6
1977,9,1977.707,1,55.8
1977,10,1977.79,1,64.8
1977,11,1977.874,1,73.7
1977,12,1977.958,1,80.7
1978,1,1978.042,1,86.9
1978,2,1978.123,1,91.5
1978,3,1978.204,1,98.7
1978,4,1978.288,1,109
1978,5,1978.371,1,117.8
1978,6,1978.455,1,126.6
1978,7,1978.538,1,138
1978,8,1978.623,1,147.3
1978,9,1978.707,1,153.6
1978,10,1978.79,1,157.3
1978,11,1978.874,1,160.4
1978,12,1978.958,1,166.7
1979,1,1979.042,1,175.2
1979,2,1979.123,1,185.4
1979,3,1979.204,1,193.3
1979,4,1979.288,1,199.9
1979,5,1979.371,1,208.5
1979,6,1979.455,1,216.7
1979,7,1979.538,1,219.5
1979,8,1979.623,1,220.1
1979,9,1979.707,1,220.4
1979,10,1979.79,1,223.4
1979,11,1979.874,1,229.8
1979,12,1979.958,1,232.9
1980,1,1980.042,1,232
1980,2,1980.124,1,230.2
1980,3,1980.206,1,227.9
1980,4,1980.29,1,224.6
1980,5,1980.373,1,221.3
1980,6,1980.456,1,219.1
1980,7,1980.54,1,216.1
1980,8,1980.624,1,212
1980,9,1980.708,1,211.5
1980,10,1980.791,1,211.9
1980,11,1980.874,1,209.1
1980,12,1980.958,1,202.8
1981,1,1981.042,1,199.6
1981,2,1981.123,1,202.2
1981,3,1981.204,1,205.4
1981,4,1981.288,1,205.7
1981,5,1981.371,1,204.1
1981,6,1981.455,1,200.9
1981,7,1981.538,1,198.5
1981,8,1981.623,1,199.9
1981,9,1981.707,1,202.7
1981,10,1981.79,1,201.4
1981,11,1981.874,1,196
1981,12,1981.958,1,194.1
1982,1,1982.042,1,192.7
1982,2,1982.123,1,186.6
1982,3,1982.204,1,180
1982,4,1982.288,1,173.4
1982,5,1982.371,1,167.5
1982,6,1982.455,1,164
1982,7,1982.538,1,161.5
1982,8,1982.623,1,153.5
1982,9,1982.707,1,141.4
1982,10,1982.79,1,133.3
1982,11,1982.874,1,131.3
1982,12,1982.958,1,130.5
1983,1,1983.042,1,127.9
1983,2,1983.123,1,123.9
1983,3,1983.204,1,117.1
1983,4,1983.288,1,110.5
1983,5,1983.371,1,104.5
1983,6,1983.455,1,95.9
1983,7,1983.538,1,89.1
1983,8,1983.623,1,88.9
1983,9,1983.707,1,91.7
1983,10,1983.79,1,92
1983,11,1983.874,1,89.7
1983,12,1983.958,1,85.5
1984,1,1984.042,1,80.5
1984,2,1984.124,1,75.8
1984,3,1984.206,1,71.2
1984,4,1984.29,1,66.8
1984,5,1984.373,1,63.5
1984,6,1984.456,1,61.7
1984,7,1984.54,1,58.3
1984,8,1984.624,1,52.2
1984,9,1984.708,1,44.3
1984,10,1984.791,1,37.2
1984,11,1984.874,1,31.6
1984,12,1984.958,1,27.4
1985,1,1985.042,1,25.2
1985,2,1985.123,1,23.5
1985,3,1985.204,1,21.7
1985,4,1985.288,1,21.3
1985,5,1985.371,1,21.4
1985,6,1985.455,1,20.8
1985,7,1985.538,1,19.9
1985,8,1985.623,1,19.6
1985,9,1985.707,1,19.8
1985,10,1985.79,1,19.7
1985,11,1985.874,1,19.1
1985,12,1985.958,1,17.3
1986,1,1986.042,1,15.2
1986,2,1986.123,1,14.3
1986,3,1986.204,1,14.3
1986,4,1986.288,1,15.1
1986,5,1986.371,1,15.8
1986,6,1986.455,1,15.2
1986,7,1986.538,1,15.1
1986,8,1986.623,1,14.4
1986,9,1986.707,1,13.5
1986,10,1986.79,1,14.7
1986,11,1986.874,1,16.6
1986,12,1986.958,1,18.3
1987,1,1987.042,1,19.9
1987,2,1987.123,1,22.3
1987,3,1987.204,1,25.5
1987,4,1987.288,1,28
1987,5,1987.371,1,30.3
1987,6,1987.455,1,32.7
1987,7,1987.538,1,36.2
1987,8,1987.623,1,40.5
1987,9,1987.707,1,45.3
1987,10,1987.79,1,51
1987,11,1987.874,1,55.1
1987,12,1987.958,1,60.9
1988,1,1988.042,1,69.2
1988,2,1988.124,1,76.9
1988,3,1988.206,1,84.9
1988,4,1988.29,1,93
1988,5,1988.373,1,101.4
1988,6,1988.456,1,114.3
1988,7,1988.54,1,128.5
1988,8,1988.624,1,141.1
1988,9,1988.708,1,151.2
1988,10,1988.791,1,156.9
1988,11,1988.874,1,164.4
1988,12,1988.958,1,176.1
1989,1,1989.042,1,184.8
1989,2,1989.123,1,190.7
1989,3,1989.204,1,198
1989,4,1989.288,1,203.8
1989,5,1989.371,1,209.5
1989,6,1989.455,1,212.1
1989,7,1989.538,1,212
1989,8,1989.623,1,211.1
1989,9,1989.707,1,210.5
1989,10,1989.79,1,212.4
1989,11,1989.874,1,212.5
1989,12,1989.958,1,206.2
1990,1,1990.042,1,201.2
1990,2,1990.123,1,202.4
1990,3,1990.204,1,200.9
1990,4,1990.288,1,198.1
1990,5,1990.371,1,195.1
1990,6,1990.455,1,192
1990,7,1990.538,1,190.1
1990,8,1990.623,1,191.6
1990,9,1990.707,1,194.6
1990,10,1990.79,1,195.2
1990,11,1990.874,1,195.2
1990,12,1990.958,1,197.8
1991,1,1991.042,1,202.8
1991,2,1991.123,1,204.4
1991,3,1991.204,1,203.9
1991,4,1991.288,1,203.8
1991,5,1991.371,1,202.9
1991,6,1991.455,1,202.8
1991,7,1991.538,1,203.5
1991,8,1991.623,1,203.3
1991,9,1991.707,1,200.9
1991,10,1991.79,1,196.7
1991,11,1991.874,1,191.4
1991,12,1991.958,1,183.1
1992,1,1992.042,1,172.6
1992,2,1992.124,1,161.1
1992,3,1992.206,1,151.8
1992,4,1992.29,1,146
1992,5,1992.373,1,142.1
1992,6,1992.456,1,137.1
1992,7,1992.54,1,128.5
1992,8,1992.624,1,119.3
1992,9,1992.708,1,113
1992,10,1992.791,1,109
1992,11,1992.874,1,106.3
1992,12,1992.958,1,104.5
1993,1,1993.042,1,101.9
1993,2,1993.123,1,99.3
1993,3,1993.204,1,95.4
1993,4,1993.288,1,90.2
1993,5,1993.371,1,84.2
1993,6,1993.455,1,78.6
1993,7,1993.538,1,76.5
1993,8,1993.623,1,73.6
1993,9,1993.707,1,68.3
1993,10,1993.79,1,63.2
1993,11,1993.874,1,58.4
1993,12,1993.958,1,55.1
1994,1,1994.042,1,52.6
1994,2,1994.123,1,50.2
1994,3,1994.204,1,49.4
1994,4,1994.288,1,49.6
1994,5,1994.371,1,48.7
1994,6,1994.455,1,46.4
1994,7,1994.538,1,42.7
1994,8,1994.623,1,40.1
1994,9,1994.707,1,39.7
1994,10,1994.79,1,39.4
1994,11,1994.874,1,38.7
1994,12,1994.958,1,37.6
1995,1,1995.042,1,35.6
1995,2,1995.123,1,33.7
1995,3,1995.204,1,32
1995,4,1995.288,1,29.4
1995,5,1995.371,1,27.3
1995,6,1995.455,1,25.9
1995,7,1995.538,1,24.4
1995,8,1995.623,1,22
1995,9,1995.707,1,19
1995,10,1995.79,1,17
1995,11,1995.874,1,15.9
1995,12,1995.958,1,15.1
1996,1,1996.042,1,14.5
1996,2,1996.124,1,14.2
1996,3,1996.206,1,13.7
1996,4,1996.29,1,12
1996,5,1996.373,1,11.2
1996,6,1996.456,1,11.6
1996,7,1996.54,1,11.3
1996,8,1996.624,1,11.2
1996,9,1996.708,1,11.3
1996,10,1996.791,1,12
1996,11,1996.874,1,13.4
1996,12,1996.958,1,14.3
1997,1,1997.042,1,14.5
1997,2,1997.123,1,15.2
1997,3,1997.204,1,18.3
1997,4,1997.288,1,22
1997,5,1997.371,1,24.4
1997,6,1997.455,1,27.2
1997,7,1997.538,1,30.4
1997,8,1997.623,1,33.6
1997,9,1997.707,1,38.2
1997,10,1997.79,1,43.1
1997,11,1997.874,1,47.1
1997,12,1997.958,1,52
1998,1,1998.042,1,58.4
1998,2,1998.123,1,65.4
1998,3,1998.204,1,72
1998,4,1998.288,1,76.9
1998,5,1998.371,1,80.8
1998,6,1998.455,1,85.4
1998,7,1998.538,1,89.8
1998,8,1998.623,1,93.5
1998,9,1998.707,1,96.4
1998,10,1998.79,1,98.2
1998,11,1998.874,1,102.3
1998,12,1998.958,1,110.4
1999,1,1999.042,1,118.4
1999,2,1999.123,1,122.5
1999,3,1999.204,1,122.3
1999,4,1999.288,1,125
1999,5,1999.371,1,132.6
1999,6,1999.455,1,136.3
1999,7,1999.538,1,138.1
1999,8,1999.623,1,142.9
1999,9,1999.707,1,150.5
1999,10,1999.79,1,159.3
1999,11,1999.874,1,164.1
1999,12,1999.958,1,164
2000,1,2000.042,1,166.1
2000,2,2000.124,1,170.6
2000,3,2000.206,1,174.3
2000,4,2000.29,1,175.2
2000,5,2000.373,1,172.9
2000,6,2000.456,1,172.7
2000,7,2000.54,1,174.2
2000,8,2000.624,1,172.8
2000,9,2000.708,1,168.8
2000,10,2000.791,1,165.3
2000,11,2000.874,1,163.1
2000,12,2000.958,1,162.7
2001,1,2001.042,1,158.3
2001,2,2001.123,1,152.5
2001,3,2001.204,1,155.1
2001,4,2001.288,1,160.7
2001,5,2001.371,1,163.7
2001,6,2001.455,1,167.4
2001,7,2001.538,1,172
2001,8,2001.623,1,175.8
2001,9,2001.707,1,177.1
2001,10,2001.79,1,177.3
2001,11,2001.874,1,180.3
2001,12,2001.958,1,179.1
2002,1,2002.042,1,177.6
2002,2,2002.123,1,179.7
2002,3,2002.204,1,178.2
2002,4,2002.288,1,174.4
2002,5,2002.371,1,171.3
2002,6,2002.455,1,166.9
2002,7,2002.538,1,161.5
2002,8,2002.623,1,155.4
2002,9,2002.707,1,149.5
2002,10,2002.79,1,143.9
2002,11,2002.874,1,136
2002,12,2002.958,1,131.4
2003,1,2003.042,1,129.6
2003,2,2003.123,1,125.7
2003,3,2003.204,1,118.7
2003,4,2003.288,1,111.9
2003,5,2003.371,1,107
2003,6,2003.455,1,101.7
2003,7,2003.538,1,96
2003,8,2003.623,1,92.9
2003,9,2003.707,1,91.8
2003,10,2003.79,1,89.1
2003,11,2003.874,1,86.9
2003,12,2003.958,1,84.1
2004,1,2004.042,1,80.1
2004,2,2004.124,1,76.4
2004,3,2004.206,1,73.2
2004,4,2004.29,1,71
2004,5,2004.373,1,69.5
2004,6,2004.456,1,67.1
2004,7,2004.54,1,64.8
2004,8,2004.624,1,63
2004,9,2004.708,1,60.2
2004,10,2004.791,1,57.9
2004,11,2004.874,1,56.6
2004,12,2004.958,1,55.7
2005,1,2005.042,1,54.5
2005,2,2005.123,1,53.2
2005,3,2005.204,1,52.3
2005,4,2005.288,1,49.3
2005,5,2005.371,1,45
2005,6,2005.455,1,44.5
2005,7,2005.538,1,44.6
2005,8,2005.623,1,41.9
2005,9,2005.707,1,39.4
2005,10,2005.79,1,38.9
2005,11,2005.874,1,38.4
2005,12,2005.958,1,36
2006,1,2006.042,1,33
2006,2,2006.123,1,29.7
2006,3,2006.204,1,27.4
2006,4,2006.288,1,27
2006,5,2006.371,1,27.4
2006,6,2006.455,1,26.2
2006,7,2006.538,1,25
2006,8,2006.623,1,25.9
2006,9,2006.707,1,26
2006,10,2006.79,1,23.7
2006,11,2006.874,1,21.1
2006,12,2006.958,1,20.2
2007,1,2007.042,1,19.8
2007,2,2007.123,1,19
2007,3,2007.204,1,17.7
2007,4,2007.288,1,16.4
2007,5,2007.371,1,14.4
2007,6,2007.455,1,12.8
2007,7,2007.538,1,11.6
2007,8,2007.623,1,9.9
2007,9,2007.707,1,9.6
2007,10,2007.79,1,9.9
2007,11,2007.874,1,9.2
2007,12,2007.958,1,7.9
2008,1,2008.042,1,6.6
2008,2,2008.124,1,5.6
2008,3,2008.206,1,5.1
2008,4,2008.29,1,5.1
2008,5,2008.373,1,5.4
2008,6,2008.456,1,4.8
2008,7,2008.54,1,4
2008,8,2008.624,1,3.8
2008,9,2008.708,1,3.2
2008,10,2008.791,1,2.4
2008,11,2008.874,1,2.3
2008,12,2008.958,1,2.2
2009,1,2009.042,1,2.5
2009,2,2009.123,1,2.7
2009,3,2009.204,1,2.9
2009,4,2009.288,1,3.3
2009,5,2009.371,1,3.5
2009,6,2009.455,1,4.1
2009,7,2009.538,1,5.5
2009,8,2009.623,1,7.4
2009,9,2009.707,1,9.5
2009,10,2009.79,1,10.9
2009,11,2009.874,1,11.7
2009,12,2009.958,1,12.7
2010,1,2010.042,1,14
2010,2,2010.123,1,16.1
2010,3,2010.204,1,18.5
2010,4,2010.288,1,20.8
2010,5,2010.371,1,23.1
2010,6,2010.455,1,24.6
2010,7,2010.538,1,25.2
2010,8,2010.623,1,26.4
2010,9,2010.707,1,29.5
2010,10,2010.79,1,34.5
2010,11,2010.874,1,39.1
2010,12,2010.958,1,42.5
2011,1,2011.042,1,45.7
2011,2,2011.123,1,48.8
2011,3,2011.204,1,53.8
2011,4,2011.288,1,61.1
2011,5,2011.371,1,69.3
2011,6,2011.455,1,77.2
2011,7,2011.538,1,83.6
2011,8,2011.623,1,86.3
2011,9,2011.707,1,86.6
2011,10,2011.79,1,87.4
2011,11,2011.874,1,89.4
2011,12,2011.958,1,92.5
2012,1,2012.042,1,95.5
2012,2,2012.124,1,98.1
2012,3,2012.206,1,98.3
2012,4,2012.29,1,95.1
2012,5,2012.373,1,90.9
2012,6,2012.456,1,86.6
2012,7,2012.54,1,84.5
2012,8,2012.624,1,85.1
2012,9,2012.708,1,85.3
2012,10,2012.791,1,85.8
2012,11,2012.874,1,87.7
2012,12,2012.958,1,88.1
2013,1,2013.042,1,86.8
2013,2,2013.123,1,86.1
2013,3,2013.204,1,84.4
2013,4,2013.288,1,84.3
2013,5,2013.371,1,87
2013,6,2013.455,1,90.9
2013,7,2013.538,1,94.6
2013,8,2013.623,1,99
2013,9,2013.707,1,104.6
2013,10,2013.79,1,107
2013,11,2013.874,1,106.9
2013,12,2013.958,1,107.6
2014,1,2014.042,1,109.3
2014,2,2014.123,1,110.5
2014,3,2014.204,1,114.3
2014,4,2014.288,1,116.4
2014,5,2014.371,1,115
2014,6,2014.455,1,114.1
2014,7,2014.538,1,112.6
2014,8,2014.623,1,108.3
2014,9,2014.707,1,101.9
2014,10,2014.79,1,97.3
2014,11,2014.874,1,94.7
2014,12,2014.958,1,92.2
2015,1,2015.042,1,89.3
2015,2,2015.123,1,86.1
2015,3,2015.204,1,82.1
2015,4,2015.288,1,78.9
2015,5,2015.371,1,76.1
2015,6,2015.455,1,72.1
2015,7,2015.538,1,68.3
2015,8,2015.623,1,66.4
2015,9,2015.707,1,65.9
2015,10,2015.79,1,64.3
2015,11,2015.874,1,61.2
2015,12,2015.958,1,57.8
2016,1,2016.042,1,54.4
2016,2,2016.124,1,52.5
2016,3,2016.206,1,50.4
2016,4,2016.288,1,47.8
2016,5,2016.373,1,44.8
2016,6,2016.455,1,41.5
2016,7,2016.54,1,38.5
2016,8,2016.624,1,36
2016,9,2016.706,1,33.2
2016,10,2016.791,1,31.5
2016,11,2016.873,1,29.9
2016,12,2016.958,1,28.5
2017,1,2017.042,1,27.8
2017,2,2017.122,1,26.5
2017,3,2017.204,1,25.7
2017,4,2017.286,1,24.8
2017,5,2017.371,1,23.3
2017,6,2017.453,1,22.2
2017,7,2017.538,1,21
2017,8,2017.623,1,19.6
2017,9,2017.705,1,18.3
2017,10,2017.79,1,16.7
2017,11,2017.873,1,15.4
2017,12,2017.958,1,15.1
2018,1,2018.042,1,14.2
2018,2,2018.122,1,12.6
2018,3,2018.204,1,9.9
2018,4,2018.286,1,7.8
2018,5,2018.371,1,7.5
2018,6,2018.453,1,7.2
2018,7,2018.538,1,7
2018,8,2018.623,1,6.7
2018,9,2018.705,1,6.5
2018,10,2018.79,1,6.8
2018,11,2018.873,1,6.7
2018,12,2018.958,1,6
2019,1,2019.042,1,5.4
2019,2,2019.122,1,5
2019,3,2019.204,1,4.6
2019,4,2019.286,1,4.3
2019,5,2019.371,1,3.9
2019,6,2019.453,1,3.7
2019,7,2019.538,1,3.5
2019,8,2019.623,1,3.4
2019,9,2019.705,1,3.1
2019,10,2019.79,1,2.6
2019,11,2019.873,1,2
2019,12,2019.958,1,1.8
2020,1,2020.042,1,2.2
2020,2,2020.124,1,2.7
2020,3,2020.206,1,3
2020,4,2020.288,1,3.6
2020,5,2020.373,1,5.6
2020,6,2020.455,1,7.9
2020,7,2020.54,1,9
2020,8,2020.624,1,9.5
2020,9,2020.706,1,10.5
2020,10,2020.791,1,11.9
2020,11,2020.873,1,13.6
2020,12,2020.958,1,15.3
2021,1,2021.042,1,17.3
2021,2,2021.122,1,19
2021,3,2021.204,1,21.7
2021,4,2021.286,1,24.8
2021,5,2021.371,1,25.8
2021,6,2021.453,1,27.7
2021,7,2021.538,1,31.4
2021,8,2021.623,1,35.3
2021,9,2021.705,1,40